Timestamp,Aimag,Title (100),Title Korean (100),Description (255),Description Korean (255),About ,About Korean ,Cover (Link),Thumbnail (Link),Hotel Rating
2/6/2023 3:44:19,Ulaanbaatar,City tower hotel,City tower hotel,"35-room hotel for couples, comfortable and quiet",ì»¤í”Œë“¤ì„ ìœ„í•œ 35ê°œì˜ ê°ì‹¤ì´ ìˆìœ¼ë©° ì¡°ìš©í•˜ê³  ì•ˆë½í•œ í˜¸í…”ì´ë‹¤. ,,,https://ihotel.mn/img/uploads/hotels/7dc92ce172c49b5f4e4413bb0b26d132.jpg,https://ihotel.mn/img/uploads/hotels/4796e16a7e7d06315bc96a1a233f2ecd.jpg,0
2/6/2023 3:46:31,Ulaanbaatar,Narantuul Hotel,Narantuul Hotel,"Each room has high-speed Internet, cable TV, kitchenette, mini-bar, IDD, LDD telephone, private balcony, providing comfort for every guest. It is intended for long-term representatives and our business clients.","4ì„±ê¸‰  í˜¸í…”ì´ë©° , ê° ê°ì‹¤ì—ëŠ” ì´ˆê³ ì† ì¸í„°ë„·, ì¼€ì´ë¸” TV, ê°„ì´ ì£¼ë°©, ë¯¸ë‹ˆë°”, IDD, LDD ì „í™”ê¸°, ì „ìš© ë°œì½”ë‹ˆê°€ ìˆì–´ ëª¨ë“  ì†ë‹˜ì—ê²Œ í¸ì•ˆí•¨ì„ ì œê³µí•©ë‹ˆë‹¤. ëª½ê³¨ì˜ ì¥ê¸° íˆ¬ìˆ™ì™€ ë¹„ì¦ˆë‹ˆìŠ¤ ê³ ê°ì„ ëŒ€ìƒìœ¼ë¡œ í•©ë‹ˆë‹¤.","Narantul Hotel is located in the city center, near ""Gandan Monastery"" and State Department Store. Narantul Hotel is a building with a modern design, classic solutions, special equipment, 24 rooms suitable for business and leisure, kitchen, office and children's room.","Narantul Hotelì€ ""Gandan Monastery""ì™€ êµ­ì˜ ë°±í™”ì  ê·¼ì²˜ì˜ ë„ì‹¬ì— ìœ„ì¹˜í•˜ê³  ìˆìŠµë‹ˆë‹¤. Narantul Hotelì€ í˜„ëŒ€ì ì¸ ë””ìì¸, ê³ ì „ì ì¸ ì†”ë£¨ì…˜, íŠ¹ìˆ˜ ì¥ë¹„, ë¹„ì¦ˆë‹ˆìŠ¤ ë° ë ˆì €ì— ì í•©í•œ 24ê°œì˜ ê°ì‹¤, ì£¼ë°©, ì‚¬ë¬´ì‹¤ ë° ì–´ë¦°ì´ ë°©ì„ ê°–ì¶˜ ê±´ë¬¼ì…ë‹ˆë‹¤.",https://ihotel.mn/img/uploads/hotels/f1f9ad1a6bc839307595dd4e71eafcc8.jpg,https://ihotel.mn/img/uploads/rooms/9d241a6494a606fa465088f3ec045b39.jpg,3
2/6/2023 3:47:50,Ulaanbaatar,Aurora Hotel,Aurora Hotel,"Aurora, or ""Aurora Ray"", a high-class hotel with complex facilities that create a comfortable and luxurious environment, opened its doors in 2020, and a skilled, professional and friendly staff will serve you.",2020ë…„ì— ì˜¤í”ˆí•œ 4 ì„±ê¸‰ í˜¸í…”ì´ë‹¤ ,"""Aurora"" hotel has 62 rooms on the 5th-10th floors, 4 types of intelligent solutions with unique paintings depicting Mongolian life, perfect harmony of color design, ""Hulan"" restaurant with a capacity of 120-140 people, and ""Coffee Mecca"" Coffee shop, unique modern solutions and interior design ""Aurora"" lounge with a capacity of 100-130 people, 2 conference halls ""Urgu"" and ""Ulaanbaatar"" with a capacity of 50-140 people, a fitness center equipped with the latest equipment and a sauna We provide quality service that meets your satisfaction. By staying with us, you can see Bogd Khan Mountain to the south and the city to the north. Our rooms on the 9th-10th floors have sofas and will provide you with complete comfort. Only 28 minutes from Chinggis Khan International Airport. Ulaanbaatar Railway It is located 9 minutes from the road. Close to banking and shopping centers.","ì˜¤ë¡œë¼ í˜¸í…”ì€ 5~10ì¸µì— 62ê°œì˜ ê°ì‹¤, ëª½ê³¨ì¸ì˜ ì‚¶ì„ ê·¸ë¦° ë…íŠ¹í•œ ê·¸ë¦¼ê³¼ ì»¬ëŸ¬ ë””ìì¸ì˜ ì™„ë²½í•œ ì¡°í™”ë¥¼ ì´ë£¨ëŠ” 4ê°€ì§€ ì§€ëŠ¥í˜• ì†”ë£¨ì…˜, 120~140ëª…ì„ ìˆ˜ìš©í•  ìˆ˜ ìˆëŠ” ""í›„ë€"" ë ˆìŠ¤í† ë‘, ""ì»¤í”¼ì˜ ë©”ì¹´""ë¥¼ ê°–ì¶”ê³  ìˆìŠµë‹ˆë‹¤. ì»¤í”¼ìˆ, ë…íŠ¹í•˜ê³  í˜„ëŒ€ì ì¸ ì†”ë£¨ì…˜ ë° ì¸í…Œë¦¬ì–´ ë””ìì¸ 100-130ëª… ìˆ˜ìš© ê°€ëŠ¥í•œ ""Aurora"" ë¼ìš´ì§€, 50-140ëª… ìˆ˜ìš© ê°€ëŠ¥í•œ 2ê°œì˜ ì»¨í¼ëŸ°ìŠ¤ í™€ ""Urgu"" ë° ""Ulaanbaatar"", ìµœì‹  ì¥ë¹„ë¥¼ ê°–ì¶˜ í”¼íŠ¸ë‹ˆìŠ¤ ì„¼í„° ë° ì‚¬ìš°ë‚˜ ê³ ê°ë‹˜ì´ ë§Œì¡±í•˜ì‹¤ ìˆ˜ ìˆëŠ” ì–‘ì§ˆì˜ ì„œë¹„ìŠ¤ë¥¼ ì œê³µí•©ë‹ˆë‹¤. ìš°ë¦¬ì™€ í•¨ê»˜ ìˆìœ¼ë©´ ë‚¨ìª½ìœ¼ë¡œ ë³µë“œ ì¹¸ ì‚°ê³¼ ë¶ìª½ìœ¼ë¡œ ë„ì‹œë¥¼ ë³¼ ìˆ˜ ìˆìŠµë‹ˆë‹¤. 9~10ì¸µì— ìˆëŠ” ê°ì‹¤ì—ëŠ” ì†ŒíŒŒê°€ ìˆì–´ ì™„ë²½í•œ í¸ì•ˆí•¨ì„ ì œê³µí•©ë‹ˆë‹¤. ì¹­ê¸°ì¦ˆì¹¸ êµ­ì œê³µí•­ì—ì„œ ë¶ˆê³¼ 28ë¶„ ê±°ë¦¬ì…ë‹ˆë‹¤. Ulaanbaatar Railway ë„ë¡œì—ì„œ 9ë¶„ ê±°ë¦¬ì— ìœ„ì¹˜í•´ ìˆìŠµë‹ˆë‹¤. ì€í–‰ ë° ì‡¼í•‘ ì„¼í„°ì™€ ê°€ê¹ìŠµë‹ˆë‹¤.",https://ihotel.mn/img/uploads/hotels/39072298c8fe0961cb7bb2e533c7d1b3.jpg,https://ihotel.mn/img/uploads/hotels/dc8337b125d1ef8282ba493d444f1495.jpg,4
2/6/2023 3:50:44,Ulaanbaatar,Continental hotel,Continental hotel,We promise you a high-quality service by a skilled team with many years of experience.,3 ì„±ê¸‰ í˜¸í…”,"Our advantages: Our hotel is located on the east side of Shangri-La Mall in the A-level of the city center, close to all kinds of entertainment services, government institutions, embassies, - 100% green, 6000m2 of private land, comfortable and luxurious with a fountain environment - with open parking for 100-120 cars, - only 500 meters from the wedding palace, - our rooms are 36-110 m/sq. European standards, spacious, clean and comfortable, each room has air conditioning, mini bar, modern bathroom with bidet room, with Univision KATV, European and Mongolian cuisine restaurant on the first floor, coffee lounge, fitness center, high-speed internet, - It has its own diesel station and boiler, so there is no risk of power outages and hot water. - Also, we have a classically furnished and high-class 'Venus' Restaurant with a capacity of more than 180 people, a 'Dazzle' Lounge with a unique design solution, a Banquet Room with a capacity of 15-25 people for a seminar, and a fully equipped conference hall with a capacity of 40-60 people. It is possible to organize various events such as trainings and meetings.","ìš°ë¦¬ì˜ ì¥ì : ì €í¬ í˜¸í…”ì€ ë„ì‹¬ Aë ˆë²¨ì˜ ìƒ¹ê·¸ë¦´ë¼ ëª° ë™ìª½ì— ìœ„ì¹˜í•˜ê³  ìˆìœ¼ë©° ëª¨ë“  ì¢…ë¥˜ì˜ ì—”í„°í…Œì¸ë¨¼íŠ¸ ì„œë¹„ìŠ¤, ì •ë¶€ ê¸°ê´€, ëŒ€ì‚¬ê´€ê³¼ ê°€ê¹ìŠµë‹ˆë‹¤. - 100% ë…¹ì§€, 6000m2ì˜ ì‚¬ìœ ì§€, í¸ì•ˆí•¨ ê³ ê¸‰ìŠ¤ëŸ¬ìš´ ë¶„ìˆ˜ í™˜ê²½ - 100~120ëŒ€ ì£¼ì°¨ ê°€ëŠ¥ - ê²°í˜¼ì‹ ê¶ì „ì—ì„œ ë¶ˆê³¼ 500m ê±°ë¦¬ - ê°ì‹¤ ë©´ì ì€ 36~110m/sqì…ë‹ˆë‹¤. ìœ ëŸ½ í‘œì¤€, ë„“ê³  ê¹¨ë—í•˜ê³  í¸ì•ˆí•œ ê° ê°ì‹¤ì—ëŠ” ì—ì–´ì»¨, ë¯¸ë‹ˆ ë°”, ë¹„ë° ë£¸ì´ìˆëŠ” í˜„ëŒ€ì ì¸ ìš•ì‹¤, Univision KATV, 1 ì¸µ ìœ ëŸ½ ë° ëª½ê³¨ ìš”ë¦¬ ë ˆìŠ¤í† ë‘, ì»¤í”¼ ë¼ìš´ì§€, í”¼íŠ¸ë‹ˆìŠ¤ ì„¼í„°, ì´ˆê³ ì† ì¸í„°ë„·, - ìì²´ ë””ì ¤ ìŠ¤í…Œì´ì…˜ê³¼ ë³´ì¼ëŸ¬ê°€ ìˆì–´ ì •ì „ ë° ì˜¨ìˆ˜ì˜ ìœ„í—˜ì´ ì—†ìŠµë‹ˆë‹¤. - ë˜í•œ 180ëª… ì´ìƒ ìˆ˜ìš© ê°€ëŠ¥í•œ í´ë˜ì‹í•˜ê³  ê³ ê¸‰ìŠ¤ëŸ¬ìš´ 'ë¹„ë„ˆìŠ¤' ë ˆìŠ¤í† ë‘, ë…íŠ¹í•œ ë””ìì¸ ì†”ë£¨ì…˜ì´ ì ìš©ëœ 'ëŒ€ì¦' ë¼ìš´ì§€, ì„¸ë¯¸ë‚˜ë¥¼ ìœ„í•œ 15~25ëª… ìˆ˜ìš© ê°€ëŠ¥í•œ ì—°íšŒì¥ì„ ë³´ìœ í•˜ê³  ìˆìŠµë‹ˆë‹¤. , ê·¸ë¦¬ê³  40-60ëª…ì„ ìˆ˜ìš©í•  ìˆ˜ ìˆëŠ” ì‹œì„¤ì´ ì™„ë¹„ëœ ì»¨í¼ëŸ°ìŠ¤ í™€ì´ ìˆìŠµë‹ˆë‹¤. êµìœ¡, ê°„ë‹´íšŒ ë“± ë‹¤ì–‘í•œ í–‰ì‚¬ ì§„í–‰ì´ ê°€ëŠ¥í•©ë‹ˆë‹¤.",https://ihotel.mn/img/uploads/hotels/648687f9fc0fcfece99e64271b2b0377.jpeg,https://ihotel.mn/img/uploads/rooms/be37a8dfcf385b5ed06b27341603cf5d.jpeg,3
2/6/2023 3:52:02,Ulaanbaatar,Amure Hotel,Amure Hotel,"The Amure Hotel is located next to the Grand Hill Hotel provided by Modny 2. It is possible to choose from simple, semi-luxury and deluxe rooms. Karaoke and banquet hall.","Amure Hotel 3ì„±ê¸‰ í˜¸í…”ì´ë©°, ë°©ì€  ì‹¬í”Œë£¸, ì„¸ë¯¸ ëŸ­ì…”ë¦¬ë£¸, ë””ëŸ­ìŠ¤ë£¸ ì¤‘ì—ì„œ ì„ íƒí•  ìˆ˜ ìˆìŠµë‹ˆë‹¤. ê°€ë¼ì˜¤ì¼€ ë° ì—°íšŒì¥ì´ ìˆë‹¤.",,,https://ihotel.mn/img/uploads/hotels/10f09e83582c1776a81527bac0079515.jpg,https://ihotel.mn/img/uploads/hotels/0033963fbcfeace04b964166d65eb0f7.jpg,3
2/6/2023 3:54:51,Ulaanbaatar,Bayangol Hotel,Bayangol Hotel,"Bayangol Hotel is a 4-star hotel that caters mainly to business travelers and tourists, and can accommodate up to 360 guests in 211 rooms. There are also lounges, restaurants, and coffee shops that can accommodate 50-400 people. A total of 5 restaurants are operating in the hotel.","ë°”ì–‘ê³¨ í˜¸í…”ì€ ì£¼ë¡œ ë¹„ì¦ˆë‹ˆìŠ¤ ì—¬í–‰ê°ê³¼ ê´€ê´‘ê°ì„ ëŒ€ìƒìœ¼ë¡œ í•˜ëŠ” 4ì„±ê¸‰ í˜¸í…”ë¡œ 211ê°œì˜ ê°ì‹¤ì— ìµœëŒ€ 360ëª…ì˜ ì†ë‹˜ì„ ìˆ˜ìš©í•  ìˆ˜ ìˆìŠµë‹ˆë‹¤. 50-400ëª…ì„ ìˆ˜ìš©í•  ìˆ˜ ìˆëŠ” ë¼ìš´ì§€, ë ˆìŠ¤í† ë‘, ì»¤í”¼ìˆë„ ìˆìŠµë‹ˆë‹¤. í˜¸í…”ì—ëŠ” ì´ 5ê°œì˜ ë ˆìŠ¤í† ë‘ì´ ìš´ì˜ë˜ê³  ìˆìŠµë‹ˆë‹¤.","ADVANTAGES OF OUR HOTEL: High-speed Wi-Fi internet access is available in all areas of the hotel. Located in the center of the city, you can see Bogd Uul, the Recreation Center and the City Center. Hotel with the largest parking lot in Ulaanbaatar","í˜¸í…”ì˜ ì¥ì : í˜¸í…” ì „ì—­ì—ì„œ ê³ ì† Wi-Fi ì¸í„°ë„· ì ‘ì†ì´ ê°€ëŠ¥í•©ë‹ˆë‹¤. ì‹œë‚´ ì¤‘ì‹¬ì— ìœ„ì¹˜í•˜ì—¬ ë³µë“œ ìš¸, ë ˆí¬ë ˆì´ì…˜ ì„¼í„°, ì‹œí‹° ì„¼í„°ê°€ ë³´ì…ë‹ˆë‹¤. ìš¸ë€ë°”í† ë¥´ì—ì„œ ê°€ì¥ í° ì£¼ì°¨ì¥ì„ ê°–ì¶˜ í˜¸í…”",https://ihotel.mn/img/uploads/hotels/338c983fb9cff490244ba6c6e34846d0.jpg,https://ihotel.mn/img/uploads/rooms/018bf90921e6c4e9d0cc63104b1bf33d.jpg,4
2/6/2023 3:56:21,Ulaanbaatar,Telmuun tower,Telmuun tower,"We offer all your needs in one place, like a planned apartment or a service apartment.",Service apartment ì‹ í˜¸í…”ì´ë‹¤. ,"Bayangol Hotel has 211 hotel rooms that can accommodate 360 people and a restaurant that can hold receptions for up to 400 people. All rooms have cable TV with international channels. You can talk to any country in the world from your room. It offers Mongolian, European, Singaporean, Vietnamese national cuisine and many other types of Amela food and drink options. All rooms have air conditioning. Breakfast buffet with a wide range of international quality standards. Bayangol Hotel's 50-year-old professional staff will serve you. Bayangol Hotel is located in the A-class area of the city center, close to business, cultural, and shopping centers, 17 km from the airport and 2 km from the main railway station, which creates very favorable conditions for the comfortable services of guests.","ë°”ì–‘ê³¨ í˜¸í…”ì€ 360ëª…ì„ ìˆ˜ìš©í•  ìˆ˜ ìˆëŠ” 211ê°œì˜ í˜¸í…” ê°ì‹¤ê³¼ ìµœëŒ€ 400ëª…ê¹Œì§€ ìˆ˜ìš©í•  ìˆ˜ ìˆëŠ” ë ˆìŠ¤í† ë‘ì„ ë³´ìœ í•˜ê³  ìˆìŠµë‹ˆë‹¤. ëª¨ë“  ê°ì‹¤ì—ëŠ” ì„¸ê³„ ê°êµ­ì˜ ì±„ë„ì´ í¸ì„±ëœ ì¼€ì´ë¸” TVê°€ ìˆìŠµë‹ˆë‹¤. ë°©ì—ì„œ ì„¸ê³„ ì–´ëŠ ë‚˜ë¼ì™€ë„ ëŒ€í™”í•  ìˆ˜ ìˆìŠµë‹ˆë‹¤. ëª½ê³¨ì‹, ìœ ëŸ½ì‹, ì‹±ê°€í¬ë¥´ì‹, ë² íŠ¸ë‚¨ì‹ ìš”ë¦¬ ë° ê¸°íƒ€ ì—¬ëŸ¬ ìœ í˜•ì˜ Amela ìŒì‹ ë° ìŒë£Œ ì˜µì…˜ì„ ì œê³µí•©ë‹ˆë‹¤. ëª¨ë“  ê°ì‹¤ì—ëŠ” ì—ì–´ì»¨ì´ ìˆìŠµë‹ˆë‹¤. ë‹¤ì–‘í•œ êµ­ì œ í’ˆì§ˆ ê¸°ì¤€ì˜ ì¡°ì‹ ë·”í˜. ë°”ì–‘ê³¨ í˜¸í…”ì˜ 50ë…„ ê²½ë ¥ì˜ ì „ë¬¸ ì§ì›ì´ ê³ ê°ë‹˜ì„ ëª¨ì‹¤ ê²ƒì…ë‹ˆë‹¤. ë°”ì–‘ê³¨ í˜¸í…”ì€ ë„ì‹¬ì˜ Aê¸‰ ì§€ì—­ì— ìœ„ì¹˜í•˜ê³  ìˆìœ¼ë©° ë¹„ì¦ˆë‹ˆìŠ¤, ë¬¸í™” ë° ì‡¼í•‘ ì„¼í„°ì™€ ê°€ê¹ê³  ê³µí•­ì—ì„œ 17km, ì£¼ìš” ê¸°ì°¨ì—­ì—ì„œ 2km ê±°ë¦¬ì— ìˆì–´ íˆ¬ìˆ™ê°ì—ê²Œ í¸ì•ˆí•œ ì„œë¹„ìŠ¤ë¥¼ ì œê³µí•˜ê¸°ì— ë§¤ìš° ìœ ë¦¬í•œ ì¡°ê±´ì„ ê°–ì¶”ê³  ìˆìŠµë‹ˆë‹¤. .",https://ihotel.mn/img/uploads/hotels/61c4f60a2f695b7ba1025f2e7b3665cc.jpg,https://ihotel.mn/img/uploads/hotels/8cb4ff527ddb336b6d603247b5dc8bd1.jpg,0
2/6/2023 4:02:47,Orkhon,Copper hotel,Copper hotel,,,,,https://ihotel.mn/img/uploads/hotels/eca315024a217e3200bde443736ef2bf.jpeg,https://ihotel.mn/img/uploads/hotels/10b17a266c4f2948942c474a323ce873.jpeg,0
2/6/2023 4:06:06,Ulaanbaatar,ibis Styles Ulaanbaatar Hotel,ibis Styles Ulaanbaatar Hotel,Ibis Styles Ulaanbaatar Polaris Hotel offers you colorful and uniquely designed comfortable rooms with modern solutions.,"Ibis Styles Ulaanbaatar Polaris Hotelì€ í˜„ëŒ€ì ì¸ ì†”ë£¨ì…˜ì„ ê°–ì¶˜ ë‹¤ì±„ë¡­ê³  ë…íŠ¹í•˜ê²Œ ë””ìì¸,  í¸ì•ˆí•œ ê°ì‹¤ì„ ì œê³µí•©ë‹ˆë‹¤.","It is located 4 km from Sukhbaatar Square and 10.4 km from Chinggis Khan International Airport. Each room is equipped with necessary equipment such as air conditioning, TV, water boiler, bathrobes, towels, disposable insoles and sanitary products are included in the room price. 24-hour reception and reception. Other: - Fitness - Non-smoking rooms - Family rooms - Free wireless internet - Parking - Restaurant, Bar - Buffet breakfast","ìˆ˜íë°”íƒ€ë¥´ ê´‘ì¥ì—ì„œ 4km, ì¹­ê¸°ì¦ˆì¹¸ êµ­ì œê³µí•­ì—ì„œ 10.4km ë–¨ì–´ì ¸ ìˆìŠµë‹ˆë‹¤. ê° ê°ì‹¤ì—ëŠ” ì—ì–´ì»¨, TV, ì˜¨ìˆ˜ê¸°, ëª©ìš• ê°€ìš´, ìˆ˜ê±´, ì¼íšŒìš© ê¹”ì°½, ìœ„ìƒ ìš©í’ˆ ë“± í•„ìš”í•œ ì¥ë¹„ê°€ ê°ì‹¤ ìš”ê¸ˆì— í¬í•¨ë˜ì–´ ìˆìŠµë‹ˆë‹¤. 24ì‹œê°„ ë¦¬ì…‰ì…˜ ë° ë¦¬ì…‰ì…˜. ê¸°íƒ€: - í”¼íŠ¸ë‹ˆìŠ¤ - ê¸ˆì—°ì‹¤ - íŒ¨ë°€ë¦¬ë£¸ - ë¬´ë£Œ ë¬´ì„  ì¸í„°ë„· - ì£¼ì°¨ì¥ - ë ˆìŠ¤í† ë‘, ë°” - ì¡°ì‹ ë·”í˜",https://ihotel.mn/img/uploads/hotels/013450f45f06f4b5ad96da95cdaf8a77.jpg,https://ihotel.mn/img/uploads/hotels/4c499da5292249ad34d18e9fb2df3e56.jpg,4
2/6/2023 4:09:16,Ulaanbaatar,UB Grand Hotel,UB Grand Hotel,"UB Grand Hotel is a modern hotel in the Sukhbaatar district of Ulaanbaatar, which is located in the city center, east of the government building, and is the center of business, culture, history and art.","ìœ ë¹„ê·¸ëœë“œí˜¸í…” 3ì„±ê¸‰ í˜¸í…”ì€ ìš¸ë€ë°”í† ë¥´ì‹œ ìˆ˜íë°”íƒ€ë¥´ ê´‘ì¥ ì˜†ì— ìœ„ì¹˜í•œ í˜„ëŒ€ì‹ í˜¸í…”ë¡œ ë„ì‹¬ ì¤‘ì•™, ì²­ì‚¬ ë™ìª½ì— ìœ„ì¹˜í•˜ì—¬ ë¹„ì¦ˆë‹ˆìŠ¤, ë¬¸í™”, ì—­ì‚¬, ì˜ˆìˆ ì˜ ì¤‘ì‹¬ì§€ì— ìˆìŠµë‹ˆë‹¤.","The hotel is close to restaurants, shops, offices and embassies, and just a few steps away from Sukhbaatar Square. Sukhbaatar district is a great choice for travelers interested in shopping, restaurants, and museums. The hotel has 45 guest rooms, a conference hall, a VIP room, a coffee shop, a lounge and a Mongolian and European restaurant. Our hotel is the ideal choice for both business and leisure travelers.","í˜¸í…”ì€ ë ˆìŠ¤í† ë‘, ìƒì , ì‚¬ë¬´ì‹¤, ëŒ€ì‚¬ê´€ê³¼ ê°€ê¹Œìš°ë©° ìˆ˜íë°”íƒ€ë¥´ ê´‘ì¥ì—ì„œ ë¶ˆê³¼ ëª‡ ê±¸ìŒ ê±°ë¦¬ì— ìˆìŠµë‹ˆë‹¤. Sukhbaatar ì§€êµ¬ëŠ” ì‡¼í•‘, ë ˆìŠ¤í† ë‘, ë°•ë¬¼ê´€ì— ê´€ì‹¬ì´ ìˆëŠ” ì—¬í–‰ìì—ê²Œ í›Œë¥­í•œ ì„ íƒì…ë‹ˆë‹¤. í˜¸í…”ì—ëŠ” 45ê°œì˜ ê°ì‹¤, íšŒì˜ì¥, ê·€ë¹ˆì‹¤, ì»¤í”¼ìˆ, ë¼ìš´ì§€, ëª½ê³¨ì‹ ë° ìœ ëŸ½ì‹ ë ˆìŠ¤í† ë‘ì´ ìˆìŠµë‹ˆë‹¤. ì €í¬ í˜¸í…”ì€ ë¹„ì¦ˆë‹ˆìŠ¤ ë° ë ˆì € ì—¬í–‰ê° ëª¨ë‘ì—ê²Œ ì´ìƒì ì¸ ì„ íƒì…ë‹ˆë‹¤.",https://ihotel.mn/img/uploads/hotels/8269b1beabc4072610c56eaf02198139.jpg,https://ihotel.mn/img/uploads/hotels/739dbb9e015a195c35e323a64c46b3f2.jpg,3
2/6/2023 4:13:15,Ulaanbaatar,Business Tower Hotel,Business Tower Hotel,"Business Tower Hotel has opened its doors. A clean, comfortable environment and friendly staff are waiting for you.",ê¹¨ë—í•˜ê³  ì¾Œì í•œ í™˜ê²½ì˜ í˜¸í…”ì´ë‹¤. ,"The advantage of our hotel is that it is located in the center of the city, and has a coffee shop, restaurant and SQ VIP lounge for the convenience of customers.","ì €í¬ í˜¸í…”ì˜ ì¥ì ì€ ë„ì‹¬ì— ìœ„ì¹˜í•˜ê³  ìˆìœ¼ë©° ê³ ê°ì˜ í¸ì˜ë¥¼ ìœ„í•´ ì»¤í”¼ìˆ, ë ˆìŠ¤í† ë‘, SQ VIP ë¼ìš´ì§€ê°€ ìˆë‹¤ëŠ” ê²ƒì…ë‹ˆë‹¤.",https://ihotel.mn/img/uploads/hotels/cef8d44915b48ba5babff642f8d2b892.jpg,https://ihotel.mn/img/uploads/rooms/e5e1598090957fe621d24cbb22efdaa4.jpg,0
2/6/2023 4:14:43,Ulaanbaatar,Holiday Inn Ulaanbaatar Hotel,Holiday Inn Ulaanbaatar Hotel,Holiday Inn Ulaanbaatar Hotel is the largest hotel chain in the world and offers you products and services that meet international quality standards.,Holiday Inn Ulaanbaatar Hotelì€ ì„¸ê³„ ìµœëŒ€ì˜ í˜¸í…” ì²´ì¸ì ìœ¼ë¡œ êµ­ì œ í’ˆì§ˆ ê¸°ì¤€ì— ë¶€í•©í•˜ëŠ” ì œí’ˆê³¼ ì„œë¹„ìŠ¤ë¥¼ ì œê³µí•©ë‹ˆë‹¤.,"The hotel has a total of 169 rooms, including 13 full suites and 12 superior rooms. Also, the convenience of the customers has been fully resolved. These include: a fully equipped fitness center, dry and steam saunas, a spa beauty center, and modern Asian, European, and Mongolian restaurants with a wide selection of menus in a comfortable environment. It is located in the center of Ulaanbaatar, so it is possible to walk to the attractions. Located 15 minutes from Sukhbaatar Square and 30 minutes from Chinggis Khan International Airport, it is ideally located to reach any part of the city.","í˜¸í…”ì—ëŠ” 13ê°œì˜ í’€ ìŠ¤ìœ„íŠ¸ë£¸ê³¼ 12ê°œì˜ ìŠˆí˜ë¦¬ì–´ë£¸ì„ í¬í•¨í•˜ì—¬ ì´ 169ê°œì˜ ê°ì‹¤ì´ ìˆìŠµë‹ˆë‹¤. ë˜í•œ ê³ ê°ì˜ í¸ì˜ë„ ì™„ë²½í•˜ê²Œ í•´ê²°í•˜ì˜€ìŠµë‹ˆë‹¤. ì—¬ê¸°ì—ëŠ” ì™„ë¹„ëœ í”¼íŠ¸ë‹ˆìŠ¤ ì„¼í„°, ê±´ì‹ ë° ìŠ¤íŒ€ ì‚¬ìš°ë‚˜, ìŠ¤íŒŒ ë·°í‹° ì„¼í„°, í¸ì•ˆí•œ í™˜ê²½ì—ì„œ ë‹¤ì–‘í•œ ë©”ë‰´ë¥¼ ì œê³µí•˜ëŠ” í˜„ëŒ€ì ì¸ ì•„ì‹œì•„, ìœ ëŸ½ ë° ëª½ê³¨ ë ˆìŠ¤í† ë‘ì´ í¬í•¨ë©ë‹ˆë‹¤. ìš¸ë€ë°”í† ë¥´ ì¤‘ì‹¬ì— ìœ„ì¹˜í•˜ì—¬ ê´€ê´‘ì§€ê¹Œì§€ ë„ë³´ë¡œ ì´ë™ì´ ê°€ëŠ¥í•©ë‹ˆë‹¤. Sukhbaatar Squareì—ì„œ 15ë¶„, Chinggis Khan êµ­ì œê³µí•­ì—ì„œ 30ë¶„ ê±°ë¦¬ì— ìœ„ì¹˜í•œ ì´ í˜¸í…”ì€ ë„ì‹œ ì–´ëŠ ê³³ìœ¼ë¡œë“  ê°ˆ ìˆ˜ ìˆëŠ” ì´ìƒì ì¸ ìœ„ì¹˜ì— ìˆìŠµë‹ˆë‹¤.",https://ihotel.mn/img/uploads/hotels/0c22aa43ea9daac9dfe9e8cce3947212.jpg,https://ihotel.mn/img/uploads/hotels/4e5679499deb311e7ec65c9e9ad4f38d.jpg,0
2/6/2023 4:16:34,Khentii,Ezent Guren hotel,Ezent Guren hotel,"Esent Guren Hotel has 21 Deluxe, Semi-Deluxe and Standard rooms.","Esent Guren Hotel 3ì„±ê¸‰ í˜¸í…”ì—ëŠ”  21ê°œì˜ ë””ëŸ­ìŠ¤, ì„¸ë¯¸ ë””ëŸ­ìŠ¤ ë° ìŠ¤íƒ ë‹¤ë“œ ê°ì‹¤ì„ ì œê³µí•©ë‹ˆë‹¤ .","There are 37 royal portraits of the Great Emperor Genghis Khan's Golden Son, and a photo exhibit showing the history of Genghis's conquests.",ëŒ€í™©ì œ ì§•ê¸°ìŠ¤ì¹¸ì˜ ê¸ˆì†ì˜ ì´ˆìƒí™” 37ì ê³¼ ì§•ê¸°ìŠ¤ì¹¸ ì •ë³µì˜ ì—­ì‚¬ë¥¼ ë³´ì—¬ì£¼ëŠ” ì‚¬ì§„ì „ì´ ìˆìŠµë‹ˆë‹¤.,https://ihotel.mn/img/uploads/hotels/36efca26c45b9dbc6bf61e59e7edc371.jpg,https://ihotel.mn/img/uploads/hotels/3d38ad4e03fbc14e08601a424ac01034.jpg,3
2/6/2023 4:18:35,Ulaanbaatar,UB City Hotel,UB City Hotel,UB City Hotel was opened in April 2012 and has been operating continuously since then.,4ì„±ê¸‰ ìœ ë¹„ì‹œí‹°í˜¸í…”ì€ 2012ë…„ 4ì›” ê°œê´€í•˜ì—¬ í˜„ì¬ê¹Œì§€ ì§€ì†ì ìœ¼ë¡œ ìš´ì˜ë˜ê³  ìˆìŠµë‹ˆë‹¤.,"It is a business class hotel with 100% European standards of equipment and furniture, meeting the requirements of 4-star class and based on the quality of service. The Hotel is located in a business class area with less congestion in Ulaanbaatar, and its biggest advantage is the clean environment, fresh air, and tranquility. It is located 10 minutes from Genghis Khan International Airport and 5 minutes from Central Railway Station. Also, all kinds of receptions are organized at a professional level by serving a conference hall with a capacity of up to 120 people and a high-class restaurant of Mongolian and European cuisine with a capacity of up to 240 people.","100% ìœ ëŸ½ í‘œì¤€ ì¥ë¹„ ë° ê°€êµ¬ë¥¼ ê°–ì¶˜ ë¹„ì¦ˆë‹ˆìŠ¤ í´ë˜ìŠ¤ í˜¸í…”ë¡œ 4ì„±ê¸‰ ìš”êµ¬ ì‚¬í•­ì„ ì¶©ì¡±í•˜ê³  ì„œë¹„ìŠ¤ í’ˆì§ˆì„ ê¸°ë°˜ìœ¼ë¡œ í•©ë‹ˆë‹¤. í˜¸í…”ì€ Ulaanbaatarì—ì„œ í˜¼ì¡ì´ ì ì€ ë¹„ì¦ˆë‹ˆìŠ¤ í´ë˜ìŠ¤ ì§€ì—­ì— ìœ„ì¹˜í•˜ê³  ìˆìœ¼ë©° ê°€ì¥ í° ì¥ì ì€ ê¹¨ë—í•œ í™˜ê²½, ì‹ ì„ í•œ ê³µê¸° ë° í‰ì˜¨í•¨ì…ë‹ˆë‹¤. ì§•ê¸°ìŠ¤ì¹¸ êµ­ì œê³µí•­ì—ì„œ 10ë¶„, ì¤‘ì•™ ê¸°ì°¨ì—­ì—ì„œ 5ë¶„ ê±°ë¦¬ì— ìˆìŠµë‹ˆë‹¤. ë˜í•œ ìµœëŒ€ 120ëª…ì„ ìˆ˜ìš©í•  ìˆ˜ ìˆëŠ” ì»¨í¼ëŸ°ìŠ¤ í™€ê³¼ ìµœëŒ€ 240ëª…ì„ ìˆ˜ìš©í•  ìˆ˜ ìˆëŠ” ëª½ê³¨ ë° ìœ ëŸ½ ìš”ë¦¬ì˜ ê³ ê¸‰ ë ˆìŠ¤í† ë‘ì„ ì œê³µí•˜ì—¬ ëª¨ë“  ì¢…ë¥˜ì˜ ë¦¬ì…‰ì…˜ì„ ì „ë¬¸ì ì¸ ìˆ˜ì¤€ìœ¼ë¡œ êµ¬ì„±í•©ë‹ˆë‹¤.",https://ihotel.mn/img/uploads/hotels/bb302659a496c6949fcb02d321631642.jpg,https://ihotel.mn/img/uploads/hotels/7135ead1f20642bf3dc9abeedcb1ed7b.jpg,4
2/6/2023 4:19:51,Ulaanbaatar,Kentavr Hotel,Kentavr Hotel,"Since 2001, our organization has established a hotel under the name ""Centaur"" and started operating in the field of tourism and services. In 2019, an expansion was made, with a total of 50 rooms of 3-star standard, including 18 rooms with 2 beds and 32 rooms with 1 bed.",2001ë…„ì— ì˜¤í”ˆí•œ 3ì„±ê¸‰ í˜¸í…”ì€  50ì‹¤ì„ ì œê³µí•˜ê³  ìˆìŠµë‹ˆë‹¤. ,"Outdoor Parking for Cars and Large Buses, Reception Area, ""Mongolian"" 1st Class Restaurant, Coffee Shop, Karaoke, Lounge and Free Wifi, 110 Channels All Cable TV Channels Served. The advantages of our location are: It is located 4 km south of Chinggis Square, which is the central point of Ulaanbaatar city, located next to Gandan, the center of ancient history, and Mongolian National Television. We are working in this sector with the motto ""Spreading Mongolian Traditions to the World"".","ìë™ì°¨ ë° ëŒ€í˜• ë²„ìŠ¤ë¥¼ ìœ„í•œ ì•¼ì™¸ ì£¼ì°¨ì¥, ë¦¬ì…‰ì…˜ êµ¬ì—­, ""ëª½ê³¨"" 1ê¸‰ ë ˆìŠ¤í† ë‘, ì»¤í”¼ìˆ, ê°€ë¼ì˜¤ì¼€, ë¼ìš´ì§€ ë° ë¬´ë£Œ Wi-Fi, 110ê°œ ì±„ë„ ëª¨ë“  ì¼€ì´ë¸” TV ì±„ë„ ì œê³µ. ìš°ë¦¬ ìœ„ì¹˜ì˜ ì¥ì ì€ ìš¸ë€ë°”í† ë¥´ ì‹œì˜ ì¤‘ì‹¬ì¸ ì§•ê¸°ìŠ¤ì¹¸ ê´‘ì¥ì—ì„œ ë‚¨ìª½ìœ¼ë¡œ 4km, ê³ ëŒ€ ì—­ì‚¬ì˜ ì¤‘ì‹¬ì§€ì¸ ê°„ë‹¨ê³¼ ëª½ê³¨ êµ­ì˜ í…”ë ˆë¹„ì „ ì˜†ì— ìœ„ì¹˜í•´ ìˆë‹¤ëŠ” ê²ƒì…ë‹ˆë‹¤. ìš°ë¦¬ëŠ” ""ëª½ê³¨ ì „í†µì„ ì„¸ê³„ì— ì „íŒŒ""ë¼ëŠ” ëª¨í† ë¡œ ì´ ë¶„ì•¼ì—ì„œ ì¼í•˜ê³  ìˆìŠµë‹ˆë‹¤.",https://ihotel.mn/img/uploads/hotels/b6e94b4b5beeafc9748c1fa99df1ddde.jpg,https://ihotel.mn/img/uploads/rooms/609601a9cc1676580847783e74f02666.jpg,3
2/6/2023 4:22:05,Ulaanbaatar,Castella Hotel,Castella Hotel,"""Castella"" hotel welcomes you.","ì €í¬ 3 ì„±ê¸‰ í˜¸í…”ì€  ìœ ëŸ½ì‹, ì•„ì‹œì•„ì‹ ë° ëª½ê³¨ì‹ ìš”ë¦¬ - í˜¸í…”ì—ì„œ ì•„ì¹¨ ì‹ì‚¬ë¥¼ ë“œì‹¤ ìˆ˜ ìˆìŠµë‹ˆë‹¤(ë¬´ë£Œ) - ìì²´ 30ëŒ€ ì°¨ë¥¼ ì£¼ì°¨í•  ìˆ˜ ìˆëŠ”  ì£¼ì°¨ì¥ì´ ìˆìœ¼ë©°. ì¼íšŒìš© ê¸°ê¸°. ì „ ê°ì‹¤ WIFI ì´ˆê³ ì† ì¸í„°ë„· - ì „ ê°ì‹¤ UNIVISION ì™„ë¹„ - ë””ëŸ­ìŠ¤ ë° ì„¸ë¯¸ ë””ëŸ­ìŠ¤ë£¸ ë„“ì€ ê°ì‹¤ì—ëŠ” ì—ì–´ì»¨, ì†ŒíŒŒ, ë² ê°œê°€ ìˆì–´ ì§„ì •í•œ í¸ì•ˆí•¨ì„ ëŠë¼ì‹¤ ìˆ˜ ìˆìŠµë‹ˆë‹¤.","The advantages of our hotel: - A variety of European, Asian and Mongolian food - You can have breakfast at the hotel (free of charge) - It has its own parking lot and guard for up to 30 cars along the main road. - Quiet and silent - Comfortable and warm - 3-star standard furniture and decoration - 3-star disposable appliances. High-speed Internet equipped with WIFI in every room - Every room is equipped with UNIVISION - Deluxe and semi-deluxe rooms With spacious rooms with air conditioning, sofas and pillows, you will feel real comfort here.","ì €í¬ í˜¸í…”ì˜ ì¥ì : - ë‹¤ì–‘í•œ ìœ ëŸ½, ì•„ì‹œì•„ ë° ëª½ê³¨ ìŒì‹ - í˜¸í…”ì—ì„œ ì•„ì¹¨ ì‹ì‚¬ë¥¼ ë“œì‹¤ ìˆ˜ ìˆìŠµë‹ˆë‹¤(ë¬´ë£Œ) - ì£¼ìš” ë„ë¡œë¥¼ ë”°ë¼ ìµœëŒ€ 30ëŒ€ì˜ ì°¨ëŸ‰ì„ ìˆ˜ìš©í•  ìˆ˜ ìˆëŠ” ìì²´ ì£¼ì°¨ì¥ê³¼ ê²½ë¹„ì›ì´ ìˆìŠµë‹ˆë‹¤. - ì¡°ìš©í•˜ê³  ì¡°ìš©í•¨ - í¸ì•ˆí•˜ê³  ë”°ëœ»í•¨ - 3ì„±ê¸‰ í‘œì¤€ ê°€êµ¬ ë° ì¥ì‹ - 3ì„±ê¸‰ ì¼íšŒìš© ê¸°ê¸°. ì „ ê°ì‹¤ WIFI ì´ˆê³ ì† ì¸í„°ë„· - ì „ ê°ì‹¤ UNIVISION ì™„ë¹„ - ë””ëŸ­ìŠ¤ ë° ì„¸ë¯¸ ë””ëŸ­ìŠ¤ë£¸ ë„“ì€ ê°ì‹¤ì—ëŠ” ì—ì–´ì»¨, ì†ŒíŒŒ, ë² ê°œê°€ ìˆì–´ ì§„ì •í•œ í¸ì•ˆí•¨ì„ ëŠë¼ì‹¤ ìˆ˜ ìˆìŠµë‹ˆë‹¤.",https://ihotel.mn/img/uploads/hotels/128e2847d733fbfb5b62314b7b044f97.jpg,https://ihotel.mn/img/uploads/hotels/77c0697c0dc682e6fcf46f319611d693.jpg,3
2/6/2023 4:35:43,Ulaanbaatar,TTI Hotel,TTI Hotel,"TTI Hotel started its operation on November 1, 2022.","2022ë…„ì— ì˜¤í”ˆí•œ ì €í¬ í˜¸í…”ì€ ì´ˆê³ ì† ì¸í„°ë„· ì™€ì´íŒŒì´, ëª¨ë‹¥ë¶ˆ ì˜†ì— ì•‰ì„ ìˆ˜ ìˆëŠ” ì¾Œì í•œ í™˜ê²½.  TTI ë ˆìŠ¤í† ë‘ì˜ ì „ë¬¸ ì…°í”„ê°€ ë§Œë“œëŠ” ë§›ìˆëŠ” ì‹ì‚¬. ê°€ì¥ #ì•ˆì „í•˜ê³  #ê¹¨ë—í•˜ë©° #ì‹ ì„ í•œ í™˜ê²½ì„ ì œê³µí•©ë‹ˆë‹¤.","High-speed internet wifi: â™¨ï¸Pleasant environment to sit by the open fire. ğŸ½ Delicious meal prepared by a professional chef of TTI restaurant. We are happy to provide the most #safe, #clean and #fresh environment. Pros: #COMFORTABLE #NEW #CLEAN #SAFE",ì´ˆê³ ì† ì¸í„°ë„· ì™€ì´íŒŒì´: â™¨ï¸ëª¨ë‹¥ë¶ˆ ì˜†ì— ì•‰ì„ ìˆ˜ ìˆëŠ” ì¾Œì í•œ í™˜ê²½. ğŸ½ TTI ë ˆìŠ¤í† ë‘ì˜ ì „ë¬¸ ì…°í”„ê°€ ë§Œë“œëŠ” ë§›ìˆëŠ” ì‹ì‚¬. ê°€ì¥ #ì•ˆì „í•˜ê³  #ê¹¨ë—í•˜ë©° #ì‹ ì„ í•œ í™˜ê²½ì„ ì œê³µí•˜ê²Œ ë˜ì–´ ê¸°ì©ë‹ˆë‹¤. ì¥ì : #í¸ì•ˆí•¨ #ìƒˆë¡œì›€ #ê¹¨ë—í•¨ #ì•ˆì „í•¨,https://ihotel.mn/img/uploads/hotels/467761dbd6790e4821e27ee8e85e804b.PNG,https://ihotel.mn/img/uploads/hotels/dc3c8131401d676ac848b5ad526b3893.jpg,0
2/6/2023 4:50:07,KhÃ¶vsgÃ¶l,Edelweiss Hotel Khuvsgul,Edelweiss Hotel Khuvsgul,"If you come to Murun city of Khuvsgul province for business or leisure, we invite you to rest in our comfortable hotel.",ì €í¬ 3ì„±ê¸‰ í˜¸í…§ì€ í™‰ìŠ¤êµ´ ê°•ë³€ì— ìœ„ì¹˜í•˜ì—¬ ì°½ë°–ìœ¼ë¡œ ìì—°ì˜ ì•„ë¦„ë‹¤ì›€ì„ ê°ìƒí•˜ì‹¤ ìˆ˜ ìˆìŠµë‹ˆë‹¤.,"Located along the river, you can see the beauty of nature from the windows.",ê°•ë³€ì— ìœ„ì¹˜í•˜ì—¬ ì°½ë°–ìœ¼ë¡œ ìì—°ì˜ ì•„ë¦„ë‹¤ì›€ì„ ê°ìƒí•˜ì‹¤ ìˆ˜ ìˆìŠµë‹ˆë‹¤.,https://ihotel.mn/img/uploads/hotels/0d50cb84c3ed9455ddf8ebe3109173c1.jpg,https://ihotel.mn/img/uploads/rooms/2e27a71b6437dabef0f17069fd8d8392.jpeg,3
2/6/2023 4:55:16,Orkhon,Deedes Hotel,Deedes Hotel,"Deedes Hotel is a high-class hotel located in Erdenet, Orkhon province, which can accommodate more than 50 guests at a time.",ì €í¬ 3ì„±ê¸‰ Deedes Hotelì€ Orkhon ì§€ë°©ì˜ Erdenetì— ìœ„ì¹˜í•œ ê³ ê¸‰ í˜¸í…”ë¡œ í•œ ë²ˆì— 50ëª… ì´ìƒì˜ ì†ë‹˜ì„ ìˆ˜ìš©í•  ìˆ˜ ìˆìŠµë‹ˆë‹¤.,"For the comfort of guests, there is hot and cold water in each room, cable TV with 30 channels, wireless Internet, 24-hour security and open parking. We offer a comfortable environment and friendly service.","íˆ¬ìˆ™ê°ì˜ í¸ì˜ë¥¼ ìœ„í•´ ê° ê°ì‹¤ì—ëŠ” ëƒ‰ì˜¨ìˆ˜, 30ê°œ ì±„ë„ì´ ì œê³µë˜ëŠ” ì¼€ì´ë¸” TV, ë¬´ì„  ì¸í„°ë„·, 24ì‹œê°„ ë³´ì•ˆ ë° ê°œë°©í˜• ì£¼ì°¨ì¥ì´ ìˆìŠµë‹ˆë‹¤. ì¾Œì í•œ í™˜ê²½ê³¼ ì¹œì ˆí•œ ì„œë¹„ìŠ¤ë¥¼ ì œê³µí•©ë‹ˆë‹¤.",https://ihotel.mn/img/uploads/hotels/ce172ce1531f8098bb80986422cbea36.jpg,https://ihotel.mn/img/uploads/hotels/92d555082d5a57c135511cf3f9431aa8.jpg,3
2/6/2023 4:56:27,Ulaanbaatar,Edelweiss Art Hotel,Edelweiss Art Hotel,Edelweiss Art Hotel,ì €í¬ 3ì„±ê¸‰ í˜¸í…”ì€  ì´ 23ê°œì˜ ê°ì‹¤ë¡œ ê³ ê°ì˜ í¸ì•ˆí•¨ì— ë§ì¶˜ ë””ìì¸ ì†”ë£¨ì…˜ì„ ì œê³µí•©ë‹ˆë‹¤. ê° ê°ì‹¤ì—ëŠ” ì´ˆê³ ì† ë¬´ì„  ì¸í„°ë„·ê³¼ ê°œë³„ ì¡°ì ˆì´ ê°€ëŠ¥í•œ ì—ì–´ì»¨ì´ ìˆìŠµë‹ˆë‹¤.,"With a total of 23 rooms, it has a design solution tailored to your comfort. Each room has high speed wireless internet and individually controlled air conditioning.",ì´ 23ê°œì˜ ê°ì‹¤ë¡œ ê³ ê°ì˜ í¸ì•ˆí•¨ì— ë§ì¶˜ ë””ìì¸ ì†”ë£¨ì…˜ì„ ì œê³µí•©ë‹ˆë‹¤. ê° ê°ì‹¤ì—ëŠ” ì´ˆê³ ì† ë¬´ì„  ì¸í„°ë„·ê³¼ ê°œë³„ ì¡°ì ˆ ì—ì–´ì»¨ì´ ìˆìŠµë‹ˆë‹¤.,https://ihotel.mn/img/uploads/hotels/2f3ceec93b9930042b258c4635d1288e.jpg,https://ihotel.mn/img/uploads/hotels/a83fe15f7d83b09c5f55f2b76b4b049a.jpg,3
2/6/2023 4:57:54,Ulaanbaatar,Royal Mountain Hotel,Royal Mountain Hotel,"Royal Mountain Hotel is a 4-star hotel established in 2016 with 49 luxury rooms that meet international standards. Our service facility creates a comfortable environment for customers to feel at home, and our staff strives to provide the most friendly service.","ë¡œì–„ ë§ˆìš´í‹´ í˜¸í…”ì€ 2016ë…„ì— ì„¤ë¦½ëœ 4ì„±ê¸‰ í˜¸í…”ë¡œ êµ­ì œ ê¸°ì¤€ì— ë¶€í•©í•˜ëŠ” 49ê°œì˜ ëŸ­ì…”ë¦¬í•œ ê°ì‹¤ì„ ë³´ìœ í•˜ê³  ìˆìŠµë‹ˆë‹¤. ì €í¬ ì„œë¹„ìŠ¤ ì‹œì„¤ì€ ê³ ê°ì´ ì§‘ê³¼ ê°™ì€ í¸ì•ˆí•¨ì„ ëŠë‚„ ìˆ˜ ìˆëŠ” í™˜ê²½ì„ ì¡°ì„±í•˜ë©°, ì €í¬ ì§ì›ë“¤ì€ ê°€ì¥ ì¹œì ˆí•œ ì„œë¹„ìŠ¤ë¥¼ ì œê³µí•˜ê¸° ìœ„í•´ ë…¸ë ¥í•©ë‹ˆë‹¤.","Royal Mountain Hotel is located in the A area of the city center and has the advantage of being close to shopping centers and business centers. Besides, it has the advantage of being close to Ulaanbaatar's cultural monuments such as Bogd Khan's Palace Museum, Gobi Cashmere Factory, Sukhbaatar Square, and Gandan Tegchilen Monastery. In addition, our hotel is located 12 km from Genghis Khan International Airport and 2 km from the Central Railway Station. Additional services offered by the hotel: - Asian and European cuisine restaurants - Fitness - Spa, Massage - Video golf - Coffee shop - Karaoke - Meetings and Seminars are fully available.","ë¡œì–„ë§ˆìš´í‹´í˜¸í…”ì€ ë„ì‹¬ì˜ Aì§€ì—­ì— ìœ„ì¹˜í•˜ì—¬ ì‡¼í•‘ì„¼í„° ë° ë¹„ì¦ˆë‹ˆìŠ¤ì„¼í„°ì™€ ê°€ê¹Œìš´ ì¥ì ì´ ìˆìŠµë‹ˆë‹¤. ë¿ë§Œ ì•„ë‹ˆë¼ ë³µë“œì¹¸ ê¶ì „ ë°•ë¬¼ê´€, ê³ ë¹„ ìºì‹œë¯¸ì–´ ê³µì¥, ìˆ˜íë°”íƒ€ë¥´ ê´‘ì¥, ê°„ë‹¨ í…Œê·¸ì¹ ë Œ ìˆ˜ë„ì› ë“± ìš¸ë€ë°”í† ë¥´ì˜ ë¬¸í™”ìœ ì‚°ê³¼ë„ ê°€ê¹ë‹¤ëŠ” ì¥ì ì´ ìˆë‹¤. ë˜í•œ ì €í¬ í˜¸í…”ì€ ì§•ê¸°ìŠ¤ì¹¸ êµ­ì œê³µí•­ì—ì„œ 12km, ì¤‘ì•™ ê¸°ì°¨ì—­ì—ì„œ 2km ë–¨ì–´ì ¸ ìˆìŠµë‹ˆë‹¤. í˜¸í…”ì—ì„œ ì œê³µí•˜ëŠ” ì¶”ê°€ ì„œë¹„ìŠ¤: - ì•„ì‹œì•„ ë° ìœ ëŸ½ ìš”ë¦¬ ë ˆìŠ¤í† ë‘ - í”¼íŠ¸ë‹ˆìŠ¤ - ìŠ¤íŒŒ, ë§ˆì‚¬ì§€ - ë¹„ë””ì˜¤ ê³¨í”„ - ì»¤í”¼ìˆ - ê°€ë¼ì˜¤ì¼€ - íšŒì˜ ë° ì„¸ë¯¸ë‚˜ ì™„ì „ ì´ìš© ê°€ëŠ¥.",https://ihotel.mn/img/uploads/hotels/e42d167796ff8f1de151d744d1566432.jpg,https://ihotel.mn/img/uploads/rooms/78bdba1a282209e30074af763ea7b096.JPG,4
2/6/2023 4:59:17,Ulaanbaatar,The Corporate Hotel and Convention Center,The Corporate Hotel and Convention Center,"Corporate Convention Center Hotel has all kinds of services to make your travel and vacation perfect. These include a fully equipped fitness center, swimming pool, dry and steam saunas, therapeutic sand rooms, spa, beauty salon and luxury restaurants.","Corporate Convention Center Hotelì€ ì™„ë²½í•œ ì—¬í–‰ê³¼ íœ´ê°€ë¥¼ ìœ„í•œ ëª¨ë“  ì¢…ë¥˜ì˜ ì„œë¹„ìŠ¤ë¥¼ ì œê³µí•©ë‹ˆë‹¤. ì—¬ê¸°ì—ëŠ” ì™„ë¹„ëœ í”¼íŠ¸ë‹ˆìŠ¤ ì„¼í„°, ìˆ˜ì˜ì¥, ê±´ì‹ ë° ìŠ¤íŒ€ ì‚¬ìš°ë‚˜, ì¹˜ë£Œìš© ëª¨ë˜ë°©, ìŠ¤íŒŒ, ë¯¸ìš©ì‹¤ ë° ê³ ê¸‰ ë ˆìŠ¤í† ë‘ ì „ì²´ ì´ìš©ì´ í¬í•¨ë©ë‹ˆë‹¤.","High-speed wireless Internet access is available throughout the hotel. Location: 20 minutes' walk from Children's and Youth Park, 40 minutes' drive from Chinggis Khan International Airport.","í˜¸í…” ì „ì—­ì—ì„œ ê³ ì† ë¬´ì„  ì¸í„°ë„· ì ‘ì†ì´ ê°€ëŠ¥í•©ë‹ˆë‹¤. ìœ„ì¹˜: ì–´ë¦°ì´ ì²­ì†Œë…„ ê³µì›ì—ì„œ ë„ë³´ë¡œ 20ë¶„, ì¹­ê¸°ì¦ˆì¹¸ êµ­ì œê³µí•­ì—ì„œ ì°¨ë¡œ 40ë¶„ ê±°ë¦¬.",https://ihotel.mn/img/uploads/hotels/5a9154e746438dcca960788941b06d07.jpg,https://ihotel.mn/img/uploads/hotels/26aeffadfe7fe3b069608694c72390a7.jpg,4
2/6/2023 5:04:43,Selenge,Flower Hotel Selenge,Flower Hotel Selenge,,,,,https://ihotel.mn/img/uploads/hotels/08554191580d11f86dc62cc26b0bad48.jpg,https://ihotel.mn/img/uploads/hotels/01622fa11ab04162634861a94ee9bc25.png,0
2/6/2023 5:09:02,Ulaanbaatar,H9 Hotel Nine,H9 Hotel Nine,We provide comfort and satisfaction.,"í˜¸í…”9ì€ ë„ì‹¬ì˜ Aê¸‰ ì§€ì—­ì— ìœ„ì¹˜í•˜ê³  ìˆìœ¼ë©° ì •ë¶€ ì²­ì‚¬ì™€ ìˆ˜íë°”íƒ€ë¥´ ê´‘ì¥ì—ì„œ ë¶ˆê³¼ 300m ê±°ë¦¬ì— ìˆì–´ êµ­ë‚´ì™¸ ê´€ê´‘ê°ë“¤ì´ ì¶”ê°€ ë¹„ìš© ì—†ì´ ë„ì‹¬ì˜ ëª…ì†Œë¥¼ ë°©ë¬¸í•  ìˆ˜ ìˆë‹¤. 106ëª…ì„ ìˆ˜ìš©í•  ìˆ˜ ìˆëŠ” 51ê°œì˜ ê°ì‹¤, ì´ˆê³ ì† ì „í™” ë° ë¬´ì„  ì¸í„°ë„· ì—°ê²°, ì¼€ì´ë¸” TV, êµ­ì œ ì „í™” ê²Œì´íŠ¸ì›¨ì´, í†µí•© ì—ì–´ì»¨, ëƒ‰ë‚œë°© ì‹œìŠ¤í…œ, ê°ì‹¤ ê°€ê²©ì—ëŠ” ì•„ì¹¨ ì‹ì‚¬ ë° ëª¨ë“  ì¢…ë¥˜ì˜ ì„œë¹„ìŠ¤ê°€ í¬í•¨ë˜ì–´ ìˆìŠµë‹ˆë‹¤.","""Hotel9"" is located in the A-class area of the city center and is only 300 meters away from the Government Palace and Sukhbaatar Square. There are 51 rooms with a capacity of 106 people, high-speed telephone and wireless Internet connection, cable TV, international telephone call gateway, integrated air conditioning, cooling and heating systems, and the room price includes breakfast and all kinds of services.","Hotel9ì€ ë„ì‹¬ì˜ Aê¸‰ ì§€ì—­ì— ìœ„ì¹˜í•˜ê³  ìˆìœ¼ë©° ì •ë¶€ ì²­ì‚¬ì™€ ìˆ˜íë°”íƒ€ë¥´ ê´‘ì¥ì—ì„œ ë¶ˆê³¼ 300m ê±°ë¦¬ì— ìˆìŠµë‹ˆë‹¤. 106ëª…ì„ ìˆ˜ìš©í•  ìˆ˜ ìˆëŠ” 51ê°œì˜ ê°ì‹¤, ì´ˆê³ ì† ì „í™” ë° ë¬´ì„  ì¸í„°ë„· ì—°ê²°, ì¼€ì´ë¸” TV, êµ­ì œ ì „í™” ê²Œì´íŠ¸ì›¨ì´, í†µí•© ì—ì–´ì»¨, ëƒ‰ë‚œë°© ì‹œìŠ¤í…œ, ê°ì‹¤ ê°€ê²©ì—ëŠ” ì•„ì¹¨ ì‹ì‚¬ ë° ëª¨ë“  ì¢…ë¥˜ì˜ ì„œë¹„ìŠ¤ê°€ í¬í•¨ë˜ì–´ ìˆìŠµë‹ˆë‹¤.",https://ihotel.mn/img/uploads/hotels/b268d386c318bd5ece19268be7441d5d.jpg,https://ihotel.mn/img/uploads/hotels/1faf378eba9d152f64f11f384ea76d9b.jpg,3
2/6/2023 5:10:45,Ulaanbaatar,Springs Hotel,Springs Hotel,"Whether you're staying with your family or on your own, The Springs Hotel gives you the freedom to stay, work and relax as you please, just as if you were at home.",ì €í¬ 3ì„±ê¸‰ í˜¸í…”ì€ ìš¸ë€ë°”í† ë¥´ ì‹œì˜ ì¤‘ì‹¬ì¸ ìˆ˜íë°”íƒ€ë¥´ ê´‘ì¥ ê·¼ì²˜ì— ìœ„ì¹˜í•©ë‹ˆë‹¤. ,"We take care of every guest and work hard to help them. The main goal of our team is to create exceptional service for everyone's enjoyment based on simple humility. In addition to being very special in terms of location, it is also close to everything because it is in the center of the city. Especially for foreign tourists, it is possible to walk to the sights of the city center without incurring additional transportation costs. It is located only 300 meters from Sukhbaatar Square and Government Palace, 3.5 km from Ulaanbaatar Central Railway Station and 16 km from Chinggis Khan International Airport.","ìš°ë¦¬ëŠ” ëª¨ë“  ì†ë‹˜ì„ ëŒë³´ê³  ê·¸ë“¤ì„ ë•ê¸° ìœ„í•´ ì—´ì‹¬íˆ ë…¸ë ¥í•©ë‹ˆë‹¤. ìš°ë¦¬ íŒ€ì˜ ì£¼ìš” ëª©í‘œëŠ” ë‹¨ìˆœí•œ ê²¸ì†ì„ ë°”íƒ•ìœ¼ë¡œ ëª¨ë“  ì‚¬ëŒì´ ì¦ê¸¸ ìˆ˜ ìˆëŠ” íƒì›”í•œ ì„œë¹„ìŠ¤ë¥¼ ë§Œë“œëŠ” ê²ƒì…ë‹ˆë‹¤. ìœ„ì¹˜ë©´ì—ì„œ ë§¤ìš° íŠ¹ë³„í•  ë¿ë§Œ ì•„ë‹ˆë¼ ë„ì‹¬ì— ìˆê¸° ë•Œë¬¸ì— ëª¨ë“  ê²ƒê³¼ ê°€ê¹ìŠµë‹ˆë‹¤. íŠ¹íˆ ì™¸êµ­ì¸ ê´€ê´‘ê°ì˜ ê²½ìš° ë³„ë„ì˜ êµí†µë¹„ë¥¼ ë“¤ì´ì§€ ì•Šê³  ë„ì‹¬ì˜ ëª…ì†Œê¹Œì§€ ë„ë³´ë¡œ ì´ë™ì´ ê°€ëŠ¥í•˜ë‹¤. ìˆ˜íë°”í† ë¥´ ê´‘ì¥ê³¼ ì •ë¶€ ê¶ì „ì—ì„œ ë‹¨ 300m, ìš¸ë€ë°”í† ë¥´ ì¤‘ì•™ì—­ì—ì„œ 3.5km, ì¹­ê¸°ì¦ˆì¹¸ êµ­ì œê³µí•­ì—ì„œ 16km ë–¨ì–´ì ¸ ìˆìŠµë‹ˆë‹¤.",https://ihotel.mn/img/uploads/hotels/eb2510bd50b0f8ddcac0d4486aaa5986.jpg,https://ihotel.mn/img/uploads/hotels/6effe1ffb0bb730b7327f6db36472b8a.jpg,3
2/6/2023 5:13:03,Ulaanbaatar,Urgoo Boutique Hotel,Urgoo Boutique Hotel,Urgoo Hotel was established in 1995.,ì €í¬ 3ì„±ê¸‰ í˜¸í…”ì€ ìš¸ë€ë°”í† ë¥´ ì‹œì˜ ì¤‘ì‹¬ì¸ ìˆ˜íë°”íƒ€ë¥´ ê´‘ì¥ ê·¼ì²˜ì— ìœ„ì¹˜í•©ë‹ˆë‹¤. ,"It is located in the heart of the city, on the right side of the Government House, Sukhbaatar Square.","ê·¸ê²ƒì€ ì •ë¶€ ì²­ì‚¬, Sukhbaatar ê´‘ì¥ì˜ ì˜¤ë¥¸ìª½ì— ë„ì‹œì˜ ì¤‘ì‹¬ë¶€ì— ìœ„ì¹˜í•˜ê³  ìˆìŠµë‹ˆë‹¤.",https://ihotel.mn/img/uploads/hotels/f95525d9e76ebbbaab3763f9fcff071d.jpg,https://ihotel.mn/img/uploads/rooms/4fd8be4a91fa6f310622e6ff0ff78d50.jpg,3
2/6/2023 5:16:19,Ulaanbaatar,Amar Hotel,Amar Hotel,"Amar Hotel is unique in that it has an outdoor parking space for 150 cars and is located along the main road. The hotel has a total of 99 rooms. From the window of our hotel, the prosperity of Ulaanbaatar city, the view of Bogd Khan mountain and the surrounding environment are amazing. Also, Mongolian European cuisine and Chinese restaurants serve delicious meals made by professional chefs.",ì €í¬ 3ì„±ê¸‰ ì•„ë§ˆë¥´ í˜¸í…”ì€ 150ëŒ€ë¥¼ ìˆ˜ìš©í•  ìˆ˜ ìˆëŠ” ì•¼ì™¸ ì£¼ì°¨ ê³µê°„ì´ ìˆìŠµë‹ˆë‹¤.  í˜¸í…”ì—ëŠ” ì´ 99ê°œì˜ ê°ì‹¤ì´ ìˆìŠµë‹ˆë‹¤. ëª½ê³¨ ìœ ëŸ¬í”¼ì–¸ í€´ì§„ê³¼ ì¤‘ì‹ ë ˆìŠ¤í† ë‘ì—ì„œëŠ” ì „ë¬¸ ì…°í”„ê°€ ì¤€ë¹„í•œ ë§›ìˆëŠ” ì‹ì‚¬ë¥¼ ì œê³µí•©ë‹ˆë‹¤.,"Amar Karaoke - 4 VIP rooms and 8 ordinary karaoke rooms are waiting for you. Aroma coffee shop-Aroma coffee shop is working in a quiet environment where you can have important business and business conversations. You can visit the souvenir shop and buy souvenirs with Mongolian style. Amar Spa Sauna - Relaxation Amar Sauna Spa will serve you by providing a healthy environment, friendly service and satisfaction with family, friends and colleagues to relieve the fatigue of the big city. We invite you and your family and friends to choose from delicious Chinese and European dishes in the relaxation center, which consists of hot and cold jacuzzi, steam sauna, water area, home sauna, VIP sauna, relaxation area, spinning, and massage to relieve your fatigue. is The relaxation center, which creates a comfortable environment to relieve your fatigue and stress, meets the highest level of hygiene requirements of customers. Event Hall - Event hall with the capacity to receive 200-300 people at a time will provide quality service for all kinds of receptions according to your wishes. Conference Hall - You can use the hall with a capacity of 50-60 people for events such as business meetings and conferences. Cinema Irish Pub-EVERYDAY EVENT'S has many interesting entertainment activities. We will provide you with quality service while relaxing in a comfortable environment with a capacity of 130-150 people at a time, tasting delicious food prepared by skilled chefs.","Amar Karaoke - 4ê°œì˜ VIPë£¸ê³¼ 8ê°œì˜ ì¼ë°˜ ë…¸ë˜ë°©ì´ ì—¬ëŸ¬ë¶„ì„ ê¸°ë‹¤ë¦¬ê³  ìˆìŠµë‹ˆë‹¤. Aroma coffee shop-ì•„ë¡œë§ˆ ì»¤í”¼ìˆì€ ì¤‘ìš”í•œ ë¹„ì¦ˆë‹ˆìŠ¤ ë° ë¹„ì¦ˆë‹ˆìŠ¤ ëŒ€í™”ë¥¼ ë‚˜ëˆŒ ìˆ˜ ìˆëŠ” ì¡°ìš©í•œ í™˜ê²½ì—ì„œ ì¼í•˜ê³  ìˆìŠµë‹ˆë‹¤. ê¸°ë…í’ˆ ê°€ê²Œë¥¼ ë°©ë¬¸í•˜ì—¬ ëª½ê³¨ ìŠ¤íƒ€ì¼ì˜ ê¸°ë…í’ˆì„ êµ¬ì…í•  ìˆ˜ ìˆìŠµë‹ˆë‹¤. Amar Spa Sauna - Relaxation Amar Sauna SpaëŠ” ê°€ì¡±, ì¹œêµ¬, ë™ë£Œì™€ í•¨ê»˜ ê±´ê°•í•œ í™˜ê²½ê³¼ ì¹œì ˆí•œ ì„œë¹„ìŠ¤, ë§Œì¡±ì„ ì œê³µí•˜ì—¬ ëŒ€ë„ì‹œì˜ í”¼ë¡œë¥¼ í’€ì–´ë“œë¦½ë‹ˆë‹¤. ì˜¨ëƒ‰ìì¿ ì§€, ìŠ¤íŒ€ì‚¬ìš°ë‚˜, ì›Œí„°íŒŒí¬, í™ˆì‚¬ìš°ë‚˜, VIPì‚¬ìš°ë‚˜, íœ´ì‹ê³µê°„, ìŠ¤í”¼ë‹, ë§ˆì‚¬ì§€ ë“±ìœ¼ë¡œ êµ¬ì„±ëœ ë¦´ë™ì„¸ì´ì…˜ ì„¼í„°ì—ì„œ ê°€ì¡±, ì¹œêµ¬ë“¤ê³¼ í•¨ê»˜ ë§›ìˆëŠ” ì¤‘ì‹, ìœ ëŸ½ì‹ ìš”ë¦¬ë¥¼ ì„ íƒí•˜ì‹¤ ìˆ˜ ìˆìŠµë‹ˆë‹¤. ë‹¹ì‹ ì˜ í”¼ë¡œ. ê³ ê°ì˜ í”¼ë¡œì™€ ìŠ¤íŠ¸ë ˆìŠ¤ë¥¼ í•´ì†Œí•  ìˆ˜ ìˆëŠ” í¸ì•ˆí•œ í™˜ê²½ì„ ì¡°ì„±í•˜ëŠ” ë¦´ë™ì„¸ì´ì…˜ ì„¼í„°ëŠ” ê³ ê°ì˜ ìœ„ìƒ ìš”êµ¬ì‚¬í•­ì„ ìµœê³  ìˆ˜ì¤€ìœ¼ë¡œ ì¶©ì¡±í•©ë‹ˆë‹¤. ì´ë²¤íŠ¸í™€ - í•œë²ˆì— 200-300ëª…ì„ ìˆ˜ìš©í•  ìˆ˜ ìˆëŠ” ì´ë²¤íŠ¸í™€ì€ ê·€í•˜ì˜ í¬ë§ì— ë”°ë¼ ëª¨ë“  ì¢…ë¥˜ì˜ ë¦¬ì…‰ì…˜ì— ì–‘ì§ˆì˜ ì„œë¹„ìŠ¤ë¥¼ ì œê³µí•  ê²ƒì…ë‹ˆë‹¤. Conference Hall - 50~60ëª… ê·œëª¨ì˜ í™€ì„ ì´ìš©í•˜ì—¬ ë¹„ì¦ˆë‹ˆìŠ¤ ë¯¸íŒ…, ì»¨í¼ëŸ°ìŠ¤ ë“±ì˜ í–‰ì‚¬ë¥¼ ì§„í–‰í•  ìˆ˜ ìˆìŠµë‹ˆë‹¤. Cinema Irish Pub-EVERYDAY EVENT'Sì—ëŠ” í¥ë¯¸ë¡œìš´ ì—”í„°í…Œì¸ë¨¼íŠ¸ í™œë™ì´ ë§ì´ ìˆìŠµë‹ˆë‹¤. í•œë²ˆì— 130~150ëª… ìˆ˜ìš© ê°€ëŠ¥í•œ í¸ì•ˆí•œ í™˜ê²½ì—ì„œ ìˆ™ë ¨ëœ ì…°í”„ê°€ ì¤€ë¹„í•œ ë§›ìˆëŠ” ìŒì‹ì„ ë§›ë³´ë©° í’ˆê²© ìˆëŠ” ì„œë¹„ìŠ¤ë¥¼ ì œê³µí•˜ê² ìŠµë‹ˆë‹¤.",https://ihotel.mn/img/uploads/hotels/7c0381190124a10145c071821ffd2977.jpg,https://ihotel.mn/img/uploads/rooms/3f34936ee3d958855103b0576c871293.jpg,0
2/6/2023 5:18:44,Ulaanbaatar,Miami Hotel,Miami Hotel,Our hotel has been operating since 2007.,Miami Hotelì€ í•œ ë²ˆì— ìµœëŒ€ 90ëª…ì˜ ì†ë‹˜ì„ ìˆ˜ìš©í•  ìˆ˜ ìˆìŠµë‹ˆë‹¤. ì €í¬ í˜¸í…”ì€ ë§¤ë ¥ì ì¸ í˜„ëŒ€ì‹ ê°€êµ¬ì™€ ì•ˆì „ì„ ìœ„í•œ í™”ì¬ ê²½ë³´ê¸°ë¡œ ê¾¸ë©°ì§„ ê°ì‹¤ì„ ì œê³µí•©ë‹ˆë‹¤. 1ì¸µ MIAMI ëª½ê³¨ë¦¬ì•ˆ ìŠ¤í…Œì´í¬ ë ˆìŠ¤í† ë‘; ê·¸ê²ƒì€ 60-80 ëª…ì„ ìˆ˜ìš© í•  ìˆ˜ ìˆìŠµë‹ˆë‹¤.,Located in the city center and 25 minutes drive from the airport. The Miami Hotel can accommodate up to 90 guests at a time. Our hotel offers rooms furnished with attractive modern furniture and fire alarms for your safety. MIAMI Mongolian Steak restaurant on the first floor; It can accommodate 60-80 people.,ë„ì‹¬ì— ìœ„ì¹˜í•˜ë©° ê³µí•­ì—ì„œ ì°¨ë¡œ 25ë¶„ ê±°ë¦¬ì— ìˆìŠµë‹ˆë‹¤. Miami Hotelì€ í•œ ë²ˆì— ìµœëŒ€ 90ëª…ì˜ ì†ë‹˜ì„ ìˆ˜ìš©í•  ìˆ˜ ìˆìŠµë‹ˆë‹¤. ì €í¬ í˜¸í…”ì€ ë§¤ë ¥ì ì¸ í˜„ëŒ€ì‹ ê°€êµ¬ì™€ ì•ˆì „ì„ ìœ„í•œ í™”ì¬ ê²½ë³´ê¸°ë¡œ ê¾¸ë©°ì§„ ê°ì‹¤ì„ ì œê³µí•©ë‹ˆë‹¤. 1ì¸µ MIAMI ëª½ê³¨ë¦¬ì•ˆ ìŠ¤í…Œì´í¬ ë ˆìŠ¤í† ë‘; ê·¸ê²ƒì€ 60-80 ëª…ì„ ìˆ˜ìš© í•  ìˆ˜ ìˆìŠµë‹ˆë‹¤.,https://ihotel.mn/img/uploads/hotels/5ce84c11b89c0f3b67ed8c9c38b26090.jpg,https://ihotel.mn/img/uploads/rooms/0eafae6417a61ad7498c2a3e3b6c9727.jpg,0
2/6/2023 5:23:54,Ulaanbaatar,The Corporate Hotel,The Corporate Hotel,"Corporate Hotel is located 800m from the National Cultural Recreation Center and 3km from Ulaanbaatar Central Railway Station. The 4-star hotel offers a fitness center, spa salon, parking and free Wi-Fi throughout the hotel.","Corporate Hotelì€ êµ­ë¦½ ë¬¸í™” íœ´ì–‘ ì„¼í„°ì—ì„œ 800m, ìš¸ë€ë°”í† ë¥´ ì¤‘ì•™ ê¸°ì°¨ì—­ì—ì„œ 3km ê±°ë¦¬ì— ìˆìŠµë‹ˆë‹¤. ì´ 4ì„±ê¸‰ í˜¸í…”ì€ í”¼íŠ¸ë‹ˆìŠ¤ ì„¼í„°, ìŠ¤íŒŒ ì‚´ë¡±, ì£¼ì°¨ì¥ ë° í˜¸í…” ì „ êµ¬ì—­ ë¬´ë£Œ Wi-Fië¥¼ ì œê³µí•©ë‹ˆë‹¤.","The air conditioning system of each hotel room has been decided, and it has the advantage of having comfortable furniture, modern interior, work desk, multi-channel TV, iron, water kettle, etc., which allows you to relax and work comfortably. ""Chairman"" restaurant serves all kinds of Mongolian cuisine. Corporate Hotel is 15 km from Chinggis Khan International Airport.","ê° í˜¸í…” ê°ì‹¤ì˜ ì—ì–´ì»¨ ì‹œìŠ¤í…œì´ ê²°ì •ë˜ì—ˆìœ¼ë©° í¸ì•ˆí•œ ê°€êµ¬, ëª¨ë˜í•œ ì¸í…Œë¦¬ì–´, ì—…ë¬´ìš© ì±…ìƒ, ë‹¤ì±„ë„ TV, ë‹¤ë¦¬ë¯¸, ë¬¼ì£¼ì „ì ë“± í¸ì•ˆí•˜ê²Œ íœ´ì‹ì„ ì·¨í•˜ë©° ì—…ë¬´ë¥¼ ë³¼ ìˆ˜ ìˆëŠ” ì¥ì ì´ ìˆìŠµë‹ˆë‹¤. ""Chairman"" ë ˆìŠ¤í† ë‘ì€ ëª¨ë“  ì¢…ë¥˜ì˜ ëª½ê³¨ ìš”ë¦¬ë¥¼ ì œê³µí•©ë‹ˆë‹¤. Corporate Hotelì€ ì¹­ê¸°ì¦ˆì¹¸ êµ­ì œê³µí•­ì—ì„œ 15km ë–¨ì–´ì ¸ ìˆìŠµë‹ˆë‹¤.",https://ihotel.mn/img/uploads/hotels/1ca9f623e624cbb316dae03910e74ad1.jpg,https://ihotel.mn/img/uploads/hotels/a8e7d56e0b0a8f6536269889cd0df7c1.jpg,4
2/6/2023 5:27:19,Ulaanbaatar,Puma Imperial Hotel,Puma Imperial Hotel,"Located in the center of Ulaanbaatar, Puma Imperial Hotel has the advantage of being close to popular tourist spots such as the National History Museum, the Natural History Museum, the Science and Culture Center, and the Central Post Office.","ìš¸ë€ë°”í† ë¥´ ì¤‘ì‹¬ì— ìœ„ì¹˜í•œ 3 ì„±ê¸‰ í‘¸ë§ˆ ì„í˜ë¦¬ì–¼ í˜¸í…”ì€ êµ­ë¦½ì—­ì‚¬ë°•ë¬¼ê´€, ìì—°ì‚¬ë°•ë¬¼ê´€, ê³¼í•™ë¬¸í™”ì„¼í„°, ì¤‘ì•™ìš°ì²´êµ­ ë“± ê°€ì¥ ë§ì´ ì°¾ëŠ” ê³³ê³¼ ê°€ê¹ë‹¤ëŠ” ì¥ì ì´ ìˆìŠµë‹ˆë‹¤.","It also has 3 types of restaurants inside, so it fully meets your comfort, and several meeting rooms are offered for your business meetings. High-speed wireless Internet access is available throughout the hotel. Comfortable rooms with Russian style will make you feel at home. Puma restaurant offers Mongolian, Asian and European cuisine, Delhi Darbar restaurant offers a wide selection of Indian cuisine, and Puma coffee shop offers a variety of delicious coffee and snacks. Puma Imperial Hotel is located 10 minutes from Central Railway Station and 20 minutes from Genghis Khan International Airport.","ë˜í•œ ë‚´ë¶€ì—ëŠ” 3ê°€ì§€ ìœ í˜•ì˜ ë ˆìŠ¤í† ë‘ì´ ìˆì–´ ê·€í•˜ì˜ í¸ì•ˆí•¨ì„ ì™„ë²½í•˜ê²Œ ì¶©ì¡±í•˜ë©° ë¹„ì¦ˆë‹ˆìŠ¤ íšŒì˜ë¥¼ ìœ„í•´ ì—¬ëŸ¬ ê°œì˜ íšŒì˜ì‹¤ì´ ì œê³µë©ë‹ˆë‹¤. í˜¸í…” ì „ì—­ì—ì„œ ê³ ì† ë¬´ì„  ì¸í„°ë„· ì ‘ì†ì´ ê°€ëŠ¥í•©ë‹ˆë‹¤. ëŸ¬ì‹œì•„ ìŠ¤íƒ€ì¼ì˜ í¸ì•ˆí•œ ê°ì‹¤ì€ ì§‘ê³¼ ê°™ì€ í¸ì•ˆí•¨ì„ ì„ ì‚¬í•©ë‹ˆë‹¤. Puma ë ˆìŠ¤í† ë‘ì€ ëª½ê³¨, ì•„ì‹œì•„ ë° ìœ ëŸ½ ìš”ë¦¬ë¥¼ ì œê³µí•˜ë©°, Delhi Darbar ë ˆìŠ¤í† ë‘ì€ ë‹¤ì–‘í•œ ì¸ë„ ìš”ë¦¬ë¥¼ ì œê³µí•˜ë©°, Puma ì»¤í”¼ìˆì€ ë‹¤ì–‘í•˜ê³  ë§›ìˆëŠ” ì»¤í”¼ì™€ ìŠ¤ë‚µì„ ì œê³µí•©ë‹ˆë‹¤. Puma Imperial Hotelì€ ì¤‘ì•™ ê¸°ì°¨ì—­ì—ì„œ 10ë¶„, ì§•ê¸°ìŠ¤ì¹¸ êµ­ì œê³µí•­ì—ì„œ 20ë¶„ ê±°ë¦¬ì— ìˆìŠµë‹ˆë‹¤.",https://ihotel.mn/img/uploads/hotels/b6aeb97d0c802da53ab73b876816953a.jpg,https://ihotel.mn/img/uploads/hotels/a946d7620b769223e965d144b6d67a78.jpg,3
2/6/2023 5:31:01,Ulaanbaatar,UB INN Hotel,UB INN Hotel,"UB INN hotel will allow you to relax and work comfortably as if you were at home at any time of your family, friends or business trip. Our main goal is to create a service that everyone can enjoy, based on simple humility.","B INN Hotel ì€ ê°€ì¡±, ì¹œêµ¬ ë˜ëŠ” ì¶œì¥ ì¤‘ ì–¸ì œë¼ë„ ì§‘ì— ìˆëŠ” ê²ƒì²˜ëŸ¼ í¸ì•ˆí•˜ê²Œ íœ´ì‹ì„ ì·¨í•˜ê³  ì¼í•  ìˆ˜ ìˆë„ë¡ ë„ì™€ë“œë¦½ë‹ˆë‹¤. ìš°ë¦¬ì˜ ì£¼ëœ ëª©í‘œëŠ” ë‹¨ìˆœí•œ ê²¸ì†í•¨ì„ ë°”íƒ•ìœ¼ë¡œ ëª¨ë‘ê°€ ì¦ê¸¸ ìˆ˜ ìˆëŠ” ì„œë¹„ìŠ¤ë¥¼ ë§Œë“œëŠ” ê²ƒì…ë‹ˆë‹¤.3 ì„±ê¸‰ í˜¸í…”ì…ë‹ˆë‹¤. ","Enjoy business trips, leisure, family and friends at any time of the year. UB Inn hotel & gallery is a hotel located in the downtown area of Ulaanbaatar. You can choose from 5 types of 34 rooms in our hotel according to your comfort and preferences. Our hotel strives to ensure the comfort of our guests and to provide services that meet the requirements based on their needs, and to create a comfortable environment with unique national features to suit their tastes and preferences. Our restaurant ""Khadag"" named as the highest quality of food cherished by our dear guests, will sample the best of Mongolian traditional food and drinks and European delicacies. It can accommodate 50-70 people. Riders who respect their horses can enjoy delicious coffee at the ""Emeel"" coffee shop, named after Mongolian vintage saddles, and see the ""Bum Art"" gallery exhibition of paintings by our young Mongolian artists. It can accommodate 15-25 people. On the other hand, you can sip fresh beer and taste cool colorful cocktails at the ""Toono"" lounge bar, which attracts the family of the unspoiled white house, while watching the art performance, you can have a good time on the open terrace on the roof, looking at the surroundings. It can accommodate 50-70 people. Also, in our 60m2 fiddle room, our guests can save time by organizing meetings, consultations, and meetings to get their work done. It is free for guests staying at our hotel. In order to save the time of our guests and relieve the tiredness of the trip, we have a fitness room and a bariatric surgery room for you. We are ready to welcome and serve you as our guest. Welcome !","ì¼ë…„ ì¤‘ ì–¸ì œë“ ì§€ ì¶œì¥, ë ˆì €, ê°€ì¡± ë° ì¹œêµ¬ë¥¼ ì¦ê¸°ì‹­ì‹œì˜¤. UB Inn í˜¸í…” & ê°¤ëŸ¬ë¦¬ëŠ” ìš¸ë€ë°”í† ë¥´ ì‹œë‚´ì— ìœ„ì¹˜í•œ í˜¸í…”ì…ë‹ˆë‹¤. 5ê°€ì§€ ìœ í˜•ì˜ 34ê°œ ê°ì‹¤ ì¤‘ì—ì„œ í¸ì•ˆí•¨ê³¼ ì„ í˜¸ë„ì— ë”°ë¼ ì„ íƒí•  ìˆ˜ ìˆìŠµë‹ˆë‹¤. ì €í¬ í˜¸í…”ì€ ê³ ê°ì˜ í¸ì•ˆí•¨ì„ ë³´ì¥í•˜ê³  ê³ ê°ì˜ ìš”êµ¬ ì‚¬í•­ì— ë§ëŠ” ì„œë¹„ìŠ¤ë¥¼ ì œê³µí•˜ë©° ê³ ê°ì˜ ì·¨í–¥ê³¼ ì„ í˜¸ë„ì— ë§ëŠ” ê³ ìœ í•œ êµ­ê°€ì  íŠ¹ì§•ìœ¼ë¡œ í¸ì•ˆí•œ í™˜ê²½ì„ ì¡°ì„±í•˜ê¸° ìœ„í•´ ë…¸ë ¥í•©ë‹ˆë‹¤. ì¹œì• í•˜ëŠ” ì†ë‹˜ì´ ì†Œì¤‘íˆ ì—¬ê¸°ëŠ” ìµœê³  í’ˆì§ˆì˜ ìŒì‹ìœ¼ë¡œ ì„ ì •ëœ ì €í¬ ë ˆìŠ¤í† ë‘ ""Khadag""ëŠ” ìµœê³ ì˜ ëª½ê³¨ ì „í†µ ìŒì‹ê³¼ ìŒë£Œ ë° ìœ ëŸ½ì‹ ì§„ë¯¸ë¥¼ ë§›ë³¼ ê²ƒì…ë‹ˆë‹¤. 50~70ëª… ìˆ˜ìš© ê°€ëŠ¥í•©ë‹ˆë‹¤. ë§ì„ ì¡´ì¤‘í•˜ëŠ” ë¼ì´ë”ë“¤ì€ ëª½ê³¨ì˜ ë¹ˆí‹°ì§€ ì•ˆì¥ ì´ë¦„ì„ ë”´ ""Emeel"" ì»¤í”¼ìˆì—ì„œ ë§›ìˆëŠ” ì»¤í”¼ë¥¼ ì¦ê¸¸ ìˆ˜ ìˆê³ , ì Šì€ ëª½ê³¨ ì˜ˆìˆ ê°€ë“¤ì˜ ê·¸ë¦¼ì´ ì „ì‹œëœ ""Bum Art"" ê°¤ëŸ¬ë¦¬ ì „ì‹œë¥¼ ê´€ëŒí•  ìˆ˜ ìˆìŠµë‹ˆë‹¤. ê·¸ê²ƒì€ 15-25 ëª…ì„ ìˆ˜ìš©í•  ìˆ˜ ìˆìŠµë‹ˆë‹¤. í•œí¸, ë•Œë¬»ì§€ ì•Šì€ ë°±ì•…ê´€ ê°€ì¡±ë“¤ì˜ ë°œê¸¸ì„ ì‚¬ë¡œì¡ëŠ” 'íˆ¬ë…¸' ë¼ìš´ì§€ ë°”ì—ì„œëŠ” ì‹ ì„ í•œ ë§¥ì£¼ì™€ ì‹œì›í•œ ì»¬ëŸ¬í’€í•œ ì¹µí…Œì¼ì„ ë§›ë³¼ ìˆ˜ ìˆê³ , ì˜ˆìˆ  ê³µì—°ì„ ê´€ëŒí•˜ë©° ì•¼ì™¸ í…Œë¼ìŠ¤ì—ì„œ ì¦ê±°ìš´ ì‹œê°„ì„ ë³´ë‚¼ ìˆ˜ë„ ìˆë‹¤. ì§€ë¶•, ì£¼ë³€ì„ ë°”ë¼ë³´ëŠ” ê²ƒ. 50~70ëª… ìˆ˜ìš© ê°€ëŠ¥í•©ë‹ˆë‹¤. ë˜í•œ 60m2ì˜ í”¼ë“¤ë£¸ì—ì„œ ì†ë‹˜ë“¤ì€ ì—…ë¬´ë¥¼ ì™„ë£Œí•˜ê¸° ìœ„í•œ íšŒì˜, ìƒë‹´ ë° íšŒì˜ë¥¼ ì¡°ì§í•˜ì—¬ ì‹œê°„ì„ ì ˆì•½í•  ìˆ˜ ìˆìŠµë‹ˆë‹¤. ì €í¬ í˜¸í…”ì— ìˆ™ë°•í•˜ì‹œëŠ” ê³ ê°ë‹˜ì€ ë¬´ë£Œì…ë‹ˆë‹¤. ì†ë‹˜ë“¤ì˜ ì‹œê°„ì„ ì•„ë¼ê³  ì—¬í–‰ì˜ í”¼ë¡œë¥¼ í’€ê¸° ìœ„í•´ í”¼íŠ¸ë‹ˆìŠ¤ì‹¤ê³¼ ë¹„ë§Œ ìˆ˜ìˆ ì‹¤ì„ ê°–ì¶”ê³  ìˆìŠµë‹ˆë‹¤. ìš°ë¦¬ëŠ” ë‹¹ì‹ ì„ í™˜ì˜í•˜ê³  ì†ë‹˜ìœ¼ë¡œ ëª¨ì‹¤ ì¤€ë¹„ê°€ ë˜ì–´ ìˆìŠµë‹ˆë‹¤. í™˜ì˜ !",https://ihotel.mn/img/uploads/hotels/71351b271acf26d1f33749daebe7eff1.JPG,https://ihotel.mn/img/uploads/hotels/9b385ca772f574d6316782ba8685d48e.jpg,3
2/6/2023 5:34:04,Ulaanbaatar,San Hotel,San Hotel,San Hotel is located 700 meters from Sukhbaatar Square and the Opera House in the center of Ulaanbaatar.,San Hotelì€ ìˆ˜íë°”íƒ€ë¥´ ê´‘ì¥ê³¼ ìš¸ë€ë°”í† ë¥´ ì¤‘ì‹¬ë¶€ì˜ ì˜¤í˜ë¼ í•˜ìš°ìŠ¤ì—ì„œ 700m ë–¨ì–´ì ¸ ìˆëŠ” 1ì„±ê¸‰ í˜¸í…”ì…ë‹ˆë‹¤. ê° ê°ì‹¤ì€ í¸ì•ˆí•˜ê³  ë¬´ë£Œ ì¸í„°ë„·ì„ ê°–ì¶”ê³  ìˆìœ¼ë©° ì°½ë°–ìœ¼ë¡œ ì‚°ì˜ ê²½ì¹˜ë¥¼ ê°ìƒí•  ìˆ˜ ìˆìŠµë‹ˆë‹¤. ë„ì‹¬ì˜ ìœ„ì¹˜ëŠ” ì™¸êµ­ì¸ ì†ë‹˜ë“¤ì´ ì €ë…ì— ìš¸ë€ë°”íƒ€ë¥´ë¥¼ ì•Œ ìˆ˜ ìˆê³  ì‡¼í•‘í•˜ê¸°ì— ê°€ì¥ í¸ë¦¬í•œ ìœ„ì¹˜ì…ë‹ˆë‹¤.,"Each room is comfortable and equipped with free internet, and you can enjoy mountain scenery from the window. The location of the city center is the most convenient location for foreign guests to get to know Ulaanbaatar in the evening and for shopping.",ê° ê°ì‹¤ì€ í¸ì•ˆí•˜ê³  ë¬´ë£Œ ì¸í„°ë„·ì„ ê°–ì¶”ê³  ìˆìœ¼ë©° ì°½ë°–ìœ¼ë¡œ ì‚°ì˜ ê²½ì¹˜ë¥¼ ê°ìƒí•  ìˆ˜ ìˆìŠµë‹ˆë‹¤. ë„ì‹¬ì˜ ìœ„ì¹˜ëŠ” ì™¸êµ­ì¸ ì†ë‹˜ë“¤ì´ ì €ë…ì— ìš¸ë€ë°”íƒ€ë¥´ë¥¼ ì•Œ ìˆ˜ ìˆê³  ì‡¼í•‘í•˜ê¸°ì— ê°€ì¥ í¸ë¦¬í•œ ìœ„ì¹˜ì…ë‹ˆë‹¤.,https://ihotel.mn/img/uploads/hotels/8ca4b25768604943e18e81e3889d59a8.jpg,https://ihotel.mn/img/uploads/hotels/2cc49293d2a042a537bfd76ee4cf3b95.jpg,1
2/6/2023 5:35:56,Ulaanbaatar,Premium Hotel,Premium Hotel,"""Premium Hotel Ulaanbaatar"" was established in 2015. It is an international four-star hotel designed by a leading design company in China.","2015ë…„ì— ì˜¤í”ˆí•œ ""í”„ë¦¬ë¯¸ì—„ ìš¸ë€ë°”í† ë¥´ í˜¸í…”"". ì¤‘êµ­ ìµœê³ ì˜ ë””ìì¸ íšŒì‚¬ê°€ ì„¤ê³„í•œ êµ­ì œì ì¸ ""4ì„±"" ë“±ê¸‰ í˜¸í…”ì…ë‹ˆë‹¤.","The hotel is located in the center of Ulaanbaatar, so it will create a pleasant environment for business and tourism guests. Our hotel is 31 minutes away from Chinggis Khan International Airport, 17 minutes from Ulaanbaatar train station and 9 minutes from Genghis Square by car.","í˜¸í…”ì€ ìš¸ë€ë°”í† ë¥´ì˜ ì¤‘ì‹¬ì— ìœ„ì¹˜í•˜ì—¬ ë¹„ì¦ˆë‹ˆìŠ¤ ë° ê´€ê´‘ ì—¬í–‰ê°ì—ê²Œ ì¾Œì í•œ í™˜ê²½ì„ ì¡°ì„±í•  ê²ƒì…ë‹ˆë‹¤. ì €í¬ í˜¸í…”ì€ ì¹­ê¸°ì¦ˆì¹¸ êµ­ì œê³µí•­ì—ì„œ 31ë¶„, ìš¸ë€ë°”í† ë¥´ ê¸°ì°¨ì—­ì—ì„œ 17ë¶„, ì§•ê¸°ìŠ¤ì¹¸ ê´‘ì¥ì—ì„œ ì°¨ë¡œ 9ë¶„ ê±°ë¦¬ì— ìˆìŠµë‹ˆë‹¤.",https://ihotel.mn/img/uploads/hotels/75d1c590a9712dce84e60fc98eaeb698.jpg,https://ihotel.mn/img/uploads/rooms/2eeabcddcd2bc2549e7595861e39b41e.jpg,4
2/6/2023 5:38:43,Ulaanbaatar,Grand Hill Hotel,Grand Hill Hotel,Grand Hill Hotel was established in 2015 and is a hotel with modern solutions and design that provides maximum comfort to guests with 194 guest rooms overlooking Bogd Khan Mountain and the entire city of Ulaanbaatar.,"ê·¸ëœë“œ í í˜¸í…”ì€ 2015ë…„ì— ì„¤ë¦½ë˜ì—ˆìœ¼ë©°, ë³µë“œ ì¹¸ ì‚°ê³¼ ìš¸ë€ë°”í† ë¥´ ì‹œë‚´ ì „ì²´ê°€ ë‚´ë ¤ë‹¤ë³´ì´ëŠ” 194ê°œì˜ ê°ì‹¤ì„ ë³´ìœ í•˜ê³  ìˆì–´ íˆ¬ìˆ™ê°ì—ê²Œ ìµœëŒ€í•œì˜ í¸ì•ˆí•¨ì„ ì œê³µí•˜ëŠ” í˜„ëŒ€ì ì¸ ì†”ë£¨ì…˜ê³¼ ë””ìì¸ì„ ê°–ì¶˜ 4 ì„±ê¸‰ í˜¸í…”ì…ë‹ˆë‹¤. ","Suitable for both business and leisure guests. - Fitness room - Coffee shop - Karaoke - Spa and massage - Sauna, jacuzzi - Business center - Currency exchange service - Information staff - Meeting and reception services - Restaurant and pub with live music - Korean restaurant - Parking","ë¹„ì¦ˆë‹ˆìŠ¤ ë° ë ˆì € ì—¬í–‰ê° ëª¨ë‘ì—ê²Œ ì í•©í•©ë‹ˆë‹¤. - í”¼íŠ¸ë‹ˆìŠ¤ ë£¸ - ì»¤í”¼ìˆ - ê°€ë¼ì˜¤ì¼€ - ìŠ¤íŒŒ ë° ë§ˆì‚¬ì§€ - ì‚¬ìš°ë‚˜, ìì¿ ì§€ - ë¹„ì¦ˆë‹ˆìŠ¤ ì„¼í„° - í™˜ì „ ì„œë¹„ìŠ¤ - ì•ˆë‚´ ì§ì› - íšŒì˜ ë° ë¦¬ì…‰ì…˜ ì„œë¹„ìŠ¤ - ë¼ì´ë¸Œ ìŒì•…ì´ ìˆëŠ” ë ˆìŠ¤í† ë‘ ë° í - í•œì‹ë‹¹ - ì£¼ì°¨ì¥",https://ihotel.mn/img/uploads/hotels/077fe11f788bd63568afa9af7965b9df.jpg,https://ihotel.mn/img/uploads/hotels/4f689b8fe648ad00cfbe66f3371e94cd.jpg,4
2/6/2023 5:39:33,Uvs,Chinggis Hotel,Chinggis Hotel,"Chingis Hotel is located in Ulagom Sum, Uvs Province.",Chingis Hotelì€ Uvs ì§€ë°©ì˜ Ulagom Sumì— ìœ„ì¹˜í•©ë‹ˆë‹¤. 2014ë…„ë¶€í„° ìš´ì˜ë˜ê³  ìˆìŠµë‹ˆë‹¤. 4ê³„ì ˆ ë‚´ë‚´ ì†ë‹˜ì„ ë§ì´í•©ë‹ˆë‹¤. ì£¼ì°¨ì¥ê³¼ ì„¸ì°¨ì¥ì´ ìˆìŠµë‹ˆë‹¤. ê³ ì† ì¸í„°ë„·. ëª¨ë“  ê°ì‹¤ì—ëŠ” ë””ì§€í„¸ ì ê¸ˆ ì¥ì¹˜ê°€ ìˆìŠµë‹ˆë‹¤.,It has been operating since 2014. Guests are welcome in 4 seasons of the year. There is a heated parking lot and a car wash. High speed internet and intranet connection. All rooms have digital locks,2014ë…„ë¶€í„° ìš´ì˜ë˜ê³  ìˆìŠµë‹ˆë‹¤. ì—°ì¤‘ 4ê³„ì ˆ ë‚´ë‚´ ì†ë‹˜ì„ í™˜ì˜í•©ë‹ˆë‹¤. ì˜¨ìˆ˜ ì£¼ì°¨ì¥ê³¼ ì„¸ì°¨ì¥ì´ ìˆìŠµë‹ˆë‹¤. ê³ ì† ì¸í„°ë„· ë° ì¸íŠ¸ë¼ë„· ì—°ê²°. ëª¨ë“  ê°ì‹¤ì—ëŠ” ë””ì§€í„¸ ì ê¸ˆ ì¥ì¹˜ê°€ ìˆìŠµë‹ˆë‹¤.,https://ihotel.mn/img/uploads/hotels/12d3b17ad0a86c964db38595069a12c8.jpg,https://ihotel.mn/img/uploads/hotels/4349b732705805581925edadf77a7a48.JPG,0
2/6/2023 5:40:42,Darkhan-Uul,New Kiwi Hotel,New Kiwi Hotel,New Kiwi Hotel is located in Darkhan.,ë‰´ í‚¤ìœ„ í˜¸í…”ì€ ë‹¤ë¥´í•­ì— ìœ„ì¹˜í•˜ëŠ” 2ì„±ê¸‰ í˜¸í…”ì…ë‹ˆë‹¤.2003ë…„ ë¶€í„° ìš´ì˜í•˜ê³  ìˆìŠµë‹ˆë‹¤. ìˆ˜ìš© ì¸ì›: 40-50ëª…. ë ˆìŠ¤í† ë‘: 20-30ëª… ìˆ˜ìš© ê°€ëŠ¥. ëª¨ë“  ì¢…ë¥˜ì˜ ëª½ê³¨ ìŒì‹ì´ ì œê³µë©ë‹ˆë‹¤. ì¶”ê°€ ì„œë¹„ìŠ¤: ê°œë°©í˜• ì£¼ì°¨ì¥. ìœ ë£Œ ë‚œë°© ì£¼ì°¨ì¥. ë…¸ë˜ë°©.,Year of establishment: 2003. Total capacity: 40-50. Restaurant: capacity for 20-30 people. All kinds of Mongolian food are served. Additional services: Open parking. Paid heated garage. Karaoke.,ì„¤ë¦½ ì—°ë„: 2003. ì´ ìˆ˜ìš© ì¸ì›: 40-50ëª…. ë ˆìŠ¤í† ë‘: 20-30ëª… ìˆ˜ìš© ê°€ëŠ¥. ëª¨ë“  ì¢…ë¥˜ì˜ ëª½ê³¨ ìŒì‹ì´ ì œê³µë©ë‹ˆë‹¤. ì¶”ê°€ ì„œë¹„ìŠ¤: ê°œë°©í˜• ì£¼ì°¨ì¥. ìœ ë£Œ ë‚œë°© ì°¨ê³ . ê°€ë¼ì˜¤ì¼€.,https://ihotel.mn/img/uploads/hotels/940c56a3ff7957145b09671a562ebb47.jpg,https://ihotel.mn/img/uploads/hotels/b3e5e1ec1e270a94366cc893504664e7.jpg,2
2/6/2023 5:43:26,Ulaanbaatar,Dragon Hotel,Dragon Hotel,"- Since there are many orders, please call in advance to make a reservation or inquire about room availability!","ìƒˆë¡œìš´ ìŠ¤íƒ€ì¼, í™˜ê²½ ë° ê³ ê¸‰, í˜„ëŒ€ì ì¸ ëŸ­ì…”ë¦¬ ì¸í…Œë¦¬ì–´ë¥¼ ê²°í•©í•œ ìƒˆë¡œìš´ Hotel Dragon í˜¸í…”ì…ë‹ˆë‹¤. ","- The new Hotel Dragon has been opened, which is a combination of modern luxurious interior, a completely new style, environment and high class. You are all welcome.","- ëª¨ë˜í•˜ê³  ê³ ê¸‰ìŠ¤ëŸ¬ìš´ ì¸í…Œë¦¬ì–´ì™€ ì „í˜€ ìƒˆë¡œìš´ ìŠ¤íƒ€ì¼, í™˜ê²½, ê³ í’ˆê²©ì´ ì–´ìš°ëŸ¬ì§„ ìƒˆë¡œìš´ í˜¸í…”ë“œë˜ê³¤ì´ ì˜¤í”ˆí–ˆìŠµë‹ˆë‹¤. ëª¨ë‘ í™˜ì˜í•©ë‹ˆë‹¤.",https://ihotel.mn/img/uploads/hotels/163a39b44c12653b00b4bf42fb570af9.jpg,https://ihotel.mn/img/uploads/hotels/335ac33f3d6b60c05ef4474e76010995.jpg,0
2/6/2023 5:44:18,Ulaanbaatar,Ramada UB Center Hotel,Ramada UB Center Hotel,"Ramada Ulaanbaatar City Center Hotel is the latest high-class 4-star international hotel in Ulaanbaatar, a 17-story complex with a luxury shopping center and modern architectural solutions.",ë¼ë§ˆë‹¤ ìš¸ë€ë°”í† ë¥´ ì‹œí‹° ì„¼í„° í˜¸í…”ì€ ìš¸ë€ë°”í† ë¥´ì— ìœ„ì¹˜í•œ ìµœì‹  ê³ ê¸‰ 4ì„±ê¸‰ êµ­ì œ í˜¸í…”ë¡œ ê³ ê¸‰ ì‡¼í•‘ ì„¼í„°ì™€ í˜„ëŒ€ì ì¸ ê±´ì¶• ì†”ë£¨ì…˜ì„ ê°–ì¶˜ 17ì¸µ ë³µí•© ë‹¨ì§€ì…ë‹ˆë‹¤.í˜„ëŒ€ì ì¸ ì†”ë£¨ì…˜ì„ ê°–ì¶˜ 124ê°œì˜ ìŠ¤ìœ„íŠ¸ë£¸ì´ ìˆìŠµë‹ˆë‹¤.,There are 124 suite rooms with modern solutions. We are working diligently to define a unique new standard of comfort and high-class service for our guests. Ramada Ulaanbaatar City Center is located in the city center and is 25 minutes away from Chinggis Khan International Airport.,í˜„ëŒ€ì ì¸ ì†”ë£¨ì…˜ì„ ê°–ì¶˜ 124ê°œì˜ ìŠ¤ìœ„íŠ¸ë£¸ì´ ìˆìŠµë‹ˆë‹¤. ìš°ë¦¬ëŠ” ì†ë‹˜ì„ ìœ„í•œ í¸ì•ˆí•¨ê³¼ ê³ í’ˆê²© ì„œë¹„ìŠ¤ì˜ ê³ ìœ í•œ ìƒˆë¡œìš´ ê¸°ì¤€ì„ ì •ì˜í•˜ê¸° ìœ„í•´ ì—´ì‹¬íˆ ë…¸ë ¥í•˜ê³  ìˆìŠµë‹ˆë‹¤. Ramada Ulaanbaatar City CentreëŠ” ë„ì‹¬ì— ìœ„ì¹˜í•˜ê³  ìˆìœ¼ë©° ì¹­ê¸°ì¦ˆì¹¸ êµ­ì œê³µí•­ì—ì„œ 25ë¶„ ê±°ë¦¬ì— ìˆìŠµë‹ˆë‹¤.,https://ihotel.mn/img/uploads/hotels/f60d05fd470a4288ece848fbbe916159.jpg,https://ihotel.mn/img/uploads/hotels/68f43e3988d03355cca09b536b53beac.jpg,4
2/6/2023 5:47:03,Ã–vÃ¶rkhangai,Arvaikheer Palace Hotel,Arvaikheer Palace Hotel,"Barley Field Palace Hotel has deluxe, semi-luxury, standard and simple rooms, as well as VIP rooms for karaoke, pub, restaurant and snooker billiards.","ë””ëŸ­ìŠ¤, ì„¸ë¯¸ ëŸ­ì…”ë¦¬, ìŠ¤íƒ ë‹¤ë“œ ë° ì‹¬í”Œë£¸ê³¼ ê°€ë¼ì˜¤ì¼€, í, ë ˆìŠ¤í† ë‘, ìŠ¤ëˆ„ì»¤ ë‹¹êµ¬ë¥¼ ìœ„í•œ VIPë£¸ì„ ë³´ìœ í•˜ê³  ìˆìŠµë‹ˆë‹¤.","All rooms have cable TV, Internet, intercom, bathroom or shower with 24-hour hot and cold water. There is also an open parking lot for 20-30 cars, a heated garage for 20 cars, and a car wash. The restaurant and pub can accommodate 70-100 people at a time. 70-80 types of Asian and European hot food and snacks will be served.","ëª¨ë“  ê°ì‹¤ì—ëŠ” ì¼€ì´ë¸” TV, ì¸í„°ë„·, ì¸í„°ì½¤, ìš•ì‹¤ ë˜ëŠ” 24ì‹œê°„ ì˜¨ìˆ˜ ë° ëƒ‰ìˆ˜ ìƒ¤ì›Œ ì‹œì„¤ì´ ìˆìŠµë‹ˆë‹¤. 20~30ëŒ€ë¥¼ ìˆ˜ìš©í•  ìˆ˜ ìˆëŠ” ê°œë°©í˜• ì£¼ì°¨ì¥ê³¼ 20ëŒ€ë¥¼ ìˆ˜ìš©í•  ìˆ˜ ìˆëŠ” ë‚œë°© ì°¨ê³ , ì„¸ì°¨ì¥ë„ ìˆìŠµë‹ˆë‹¤. ë ˆìŠ¤í† ë‘ê³¼ íì€ í•œ ë²ˆì— 70-100ëª…ì„ ìˆ˜ìš©í•  ìˆ˜ ìˆìŠµë‹ˆë‹¤. 70-80 ì¢…ë¥˜ì˜ ì•„ì‹œì•„ ë° ìœ ëŸ½ í•« í‘¸ë“œì™€ ìŠ¤ë‚µì´ ì œê³µë©ë‹ˆë‹¤.",https://ihotel.mn/img/uploads/hotels/48079749f59011508e8a8adbefaaede9.jpg,https://ihotel.mn/img/uploads/rooms/2badf1418299acf67b5641549f4d544a.jpg,0
2/6/2023 5:52:48,Terelj,UB-2 Hotel,UB-2 Hotel,"68 km away from Ulaanbaatar in Terelj Natural Park, Nalaikh District, District 6","ìš¸ë€ë°”í† ë¥´ì—ì„œ 68km ë–¨ì–´ì§„ Terelj ìì—°ê³µì›, Nalaikh ì§€êµ¬, 6êµ°ì— ìœ„ì¹˜í•˜ëŠ” í˜¸í…”ì…ë‹ˆë‹¤. ì´ ê°ì‹¤ ìˆ˜: í˜¸í…” 34ì‹¤, ê²ŒìŠ¤íŠ¸í•˜ìš°ìŠ¤ 18ì‹¤ ì´ ì¹¨ëŒ€ ìˆ˜: í˜¸í…” 75ì‹¤, ê²ŒìŠ¤íŠ¸í•˜ìš°ìŠ¤ 80ì‹¤ ì œê³µí•©ë‹ˆë‹¤.","Year of establishment: 1997. Total number of rooms: 34 hotel rooms, 18 guest houses. Total number of beds: 75 hotel beds, 80 guest house beds","ì„¤ë¦½ì—°ë„: 1997. ì´ ê°ì‹¤ ìˆ˜: í˜¸í…” ê°ì‹¤ 34ì‹¤, ê²ŒìŠ¤íŠ¸í•˜ìš°ìŠ¤ 18ì‹¤. ì´ ì¹¨ëŒ€ ìˆ˜: í˜¸í…” ì¹¨ëŒ€ 75ê°œ, ê²ŒìŠ¤íŠ¸ í•˜ìš°ìŠ¤ ì¹¨ëŒ€ 80ê°œ",https://ihotel.mn/img/uploads/hotels/a7790f2c26246189292ab7d5dc197c7a.jpg,https://ihotel.mn/img/uploads/hotels/b521e20cdd38f47a5435e9c9e4c558c0.jpg,0